name/first,name/middle,name/last,bio/birthday,Ethnicity,Person ID
Thomas,Joseph,Dodd,5/15/07,White,3000
Kenneth,Warren,Dyal,7/9/10,White,3001
Robert,Fred,Ellsworth,6/11/26,White,3002
Charles,Rowland Peaslee,Farnsley,3/28/07,White,3003
Billie,Sunday,Farnum,4/11/16,White,3004
John,Joyce,Gilligan,3/22/21,White,3005
Albert,Arnold,Gore,12/26/07,White,3006
Bernard,Francis,Grabowski,6/11/23,White,3007
Stanley,Lloyd,Greigg,5/7/31,White,3008
George,William,Grider,10/1/12,White,3009
Harlan,Francis,Hagen,10/8/14,White,3010
John,Robert,Hansen,8/24/01,White,3011
Oren,,Harris,12/20/03,White,3012
Ralph,,Harvey,8/9/01,White,3013
Spessard,Lindsey,Holland,1892-07-10,White,4000
Joseph,Oliva,Huot,8/11/17,White,3014
William,Pat,Jennings,8/20/19,White,3015
Jed,Joseph,Johnson,12/27/39,White,3016
Paul,Caruthers,Jones,3/12/01,White,3017
Robert,Francis,Kennedy,11/20/25,White,4001
Eugene,James,Keogh,8/30/07,White,3018
David,Sjodahl,King,6/20/17,White,3019
Paul,Joseph,Krebs,5/26/12,White,3020
John,Crain,Kunkel,1898-07-21,White,3021
John,Vliet,Lindsay,11/24/21,White,3022
Rodney,Marvin,Love,7/18/08,White,3023
James,Armstrong,MacKay,6/25/19,White,3024
John,C.,Mackie,6/1/20,White,3025
James,Douglas,Martin,9/1/18,White,3026
Joseph,William,Martin,1884-11-03,White,3027
Donald,Ray,Matthews,10/3/07,White,3028
Eugene,Joseph,McCarthy,3/29/16,White,3029
Harris,Brown,McDowell,2/10/06,White,3030
Thomas,Charles,McGrath,4/22/27,White,3031
Roy,Harrison,McVicker,2/20/24,White,3032
Walter,Henry,Moeller,3/15/10,White,3033
James,Hobson,Morrison,12/8/08,White,3034
George,Lloyd,Murphy,7/4/02,White,4002
Thomas,Jefferson,Murray,1894-08-01,White,3035
Leo,William,O'Brien,9/21/00,White,3036
Alec,Gehard,Olson,9/11/30,White,3037
Winston,Lewis,Prouty,9/1/06,White,3038
John,Abner,Race,5/12/14,White,3039
Rolland,W.,Redlin,2/29/20,White,3040
Ralph,Julian,Rivers,5/23/03,White,3041
Walter,Edward,Rogers,7/19/08,White,3042
James,,Roosevelt,12/23/07,White,3043
Donald,Stuart,Russell,2/22/06,White,4003
Darwin,Gale,Schisler,3/2/33,White,3044
John,Richard,Schmidhauser,1/3/22,White,3045
Ralph,James,Scott,10/15/05,White,3046
Robert,Thompson,Secrest,1/22/04,White,3047
George,Frederick,Senner,11/24/21,White,3048
Carlton,Ralph,Sickles,6/15/21,White,3049
Howard,Worth,Smith,1883-02-02,White,3050
Lynn,Ellsworth,Stalbaum,5/15/20,White,3051
Robert,E.,Sweeney,11/4/24,White,3052
Albert,,Thomas,1898-04-12,White,3053
Lera,Millard,Thomas,8/3/00,White,3054
Clark,Wallace,Thompson,1896-08-06,White,3055
Theo,Ashton,Thompson,3/31/16,White,3056
Paul,Harold,Todd,9/22/21,White,3057
Herman,,Toll,3/15/07,White,3058
James,William,Trimble,1894-02-03,White,3059
Stanley,Roger,Tupper,1/25/21,White,3060
James,Russell,Tuten,7/23/11,White,3061
Joseph,Davies,Tydings,5/4/28,White,4004
Weston,Edward,Vivian,10/25/24,White,3062
Prentiss,Lafayette,Walker,8/23/17,White,3063
Charles,Longstreet,Weltner,12/17/27,White,3064
Compton,Ignatius,White,12/19/20,White,3065
John,James,Williams,5/17/04,White,4005
Ralph,Webster,Yarborough,6/8/03,White,4006
Stephen,Marvin,Young,1889-05-04,White,3066
William,Belser,Spong,9/29/20,White,4007
Gordon,Llewellyn,Allott,1/2/07,White,4008
Clinton,Presba,Anderson,1895-10-23,White,3067
Robert,Thomas,Ashmore,2/22/04,White,3068
Edward,Lewis,Bartlett,4/20/04,White,3069
James,Caleb,Boggs,5/15/09,White,3070
Frances,Payne,Bolton,1885-03-29,White,3071
John,Sherman,Cooper,8/23/01,White,4009
Thomas,Bradford,Curtis,5/14/11,White,3072
Allen,Joseph,Ellender,1890-09-24,White,4010
Paul,Albert,Fino,12/15/13,White,3073
John,Edward,Fogarty,3/23/13,White,3074
James,Carson,Gardner,4/8/33,White,3075
Ezekiel,Candler,Gathings,11/10/03,White,3076
Charles,Abraham,Halleck,8/22/00,White,3077
Porter,,Hardy,6/1/03,White,3078
Fred,Roy,Harris,11/13/30,White,4011
William,Henry,Harrison,1896-08-10,White,3079
Albert,Sydney,Herlong,2/14/09,White,3080
Elmer,Joseph,Holland,1894-01-08,White,3081
Donald,Jay,Irwin,9/7/26,White,3082
Benjamin,Everett,Jordan,1896-09-08,White,4012
Leonard,Beck,Jordan,1899-05-15,White,4013
Frank,Melvin,Karsten,1/7/13,White,3083
Edna,Flannery,Kelly,8/20/06,White,3084
Cecil,Rhodes,King,1898-01-13,White,3085
Horace,Robinson,Kornegay,3/12/24,White,3086
Theodore,Roosevelt,Kupferman,5/12/20,White,3087
Hervey,Gilbert,Machen,10/14/16,White,3088
Jack,Richard,Miller,6/6/16,White,4014
Arch,Alfred,Moore,4/16/23,White,3089
Thomas,Gayle,Morris,8/20/19,White,3090
Abraham,Jacob,Multer,12/24/00,White,3091
Karl,Earl,Mundt,6/3/00,White,3092
Barratt,,O'Hara,1882-04-28,White,3093
Santiago,,Polanco-Abreu,10/30/20,White,3094
Joe,Richard,Pool,2/18/11,White,3095
Joseph,Yale,Resnick,7/13/24,White,3096
George,Milton,Rhodes,1898-02-24,White,3097
Richard,Brevard,Russell,1897-11-02,White,4015
Armistead,Inge,Selden,2/20/21,White,3098
James,Vernon,Smith,7/23/26,White,3099
Margaret,Chase,Smith,1897-12-14,White,3100
Herbert,,Tenzer,11/1/05,White,3101
William,Munford,Tuck,1896-09-28,White,3102
E.,S. Johnny,Walker,6/18/11,White,3103
Basil,Lee,Whitener,5/14/15,White,3104
John,Bell,Williams,12/4/18,White,3105
Edwin,Edward,Willis,10/2/04,White,3106
Jesse,Arthur,Younger,1893-04-11,White,3107
Marlow,Webster,Cook,7/27/26,White,4016
Charles,Ellsworth,Goodell,3/16/26,White,3108
Edwin,,Adair,12/14/07,White,3109
George,David,Aiken,1892-08-20,White,4017
William,Hanes,Ayres,2/5/16,White,3110
William,Henry,Bates,4/26/17,White,3111
James,Franklin,Battin,2/13/25,White,3112
Wallace,Foster,Bennett,1898-11-13,White,4018
Ellis,Yarnal,Berry,10/6/02,White,3113
Alan,Harvey,Bible,11/20/09,White,4019
Laurence,Junior,Burton,10/30/26,White,3114
Daniel,Evan,Button,11/1/17,White,3115
William,Thomas,Cahill,6/25/12,White,3116
Jeffery,,Cohelan,6/24/14,White,3117
William,Owen,Cowger,1/1/22,White,3118
William,Cato,Cramer,8/4/22,White,3119
Glenn,Clarence,Cunningham,9/10/12,White,3120
Emilio,Quincy,Daddario,9/24/18,White,3121
William,Levi,Dawson,1886-04-26,White,3122
Robert,Vernon,Denney,4/11/16,White,3123
Peter,Hoyt,Dominick,7/7/15,White,3124
Samuel,James,Ervin,1896-09-27,White,3125
Robert,Ashton,Everett,2/24/15,White,3126
George,Hyde,Fallon,7/24/02,White,3127
Leonard,,Farbstein,10/12/02,White,3128
Michael,Aloysius,Feighan,2/16/05,White,3129
Edgar,Franklin,Foreman,12/22/33,White,3130
Samuel,Nathaniel,Friedel,1898-04-18,White,3131
James,William,Fulbright,4/9/05,White,3132
Jacob,H.,Gilbert,6/17/20,White,3133
Edward,John,Gurney,1/12/14,White,3134
Harold,Everett,Hughes,2/10/22,White,4020
Charles,Samuel,Joelson,1/27/16,White,3135
Michael,Joseph,Kirwan,1886-12-02,White,3136
Thomas,Savig,Kleppe,7/1/19,White,3137
Melvin,Robert,Laird,9/1/22,White,3138
Odin,Elsford Stanley,Langen,1/5/13,White,3139
Glenard,Paul,Lipscomb,8/19/15,White,3140
Allard,Kenneth,Lowenstein,1/16/29,White,3141
Clark,,MacGregor,7/12/22,White,3142
John,Otho,Marsh,8/7/26,White,3143
Catherine,Dean,May,5/18/14,White,3144
Richard,Dean,McCarthy,9/24/27,White,3145
John,William,McCormack,1891-12-21,White,3146
Martin,Boswell,McKneally,12/31/14,White,3147
Thomas,Joseph,Meskill,1/30/28,White,3148
Chester,Louis,Mize,12/25/17,White,3149
William,Thomas,Murphy,1899-08-07,White,3150
Maston,Emmett,O'Neal,7/19/07,White,3151
Arnold,,Olsen,12/17/16,White,3152
Philip,Joseph,Philbin,1898-05-29,White,3153
Howard,Wallace,Pollock,4/11/20,White,3154
Adam,Clayton,Powell,11/29/08,White,3155
Benjamin,,Reifel,9/19/06,White,3156
Edwin,,Reinecke,1/7/24,White,3157
Lucius,Mendel,Rivers,9/28/05,White,3158
Byron,Giles,Rogers,8/1/00,White,3159
Daniel,John,Ronan,7/13/14,White,3160
Richard,Lowell,Roudebush,1/18/18,White,3161
Donald,Henry,Rumsfeld,7/9/32,White,3162
William,Bart,Saxbe,6/24/16,White,4021
Henry,Carl,Schadeberg,10/12/13,White,3163
Ralph,Tyler,Smith,10/6/15,White,4022
William,Leon,St. Onge,10/9/14,White,3164
James,Boyd,Utt,1899-03-11,White,3165
George,Robert,Watkins,5/21/02,White,3166
Albert,William,Watson,8/30/22,White,3167
John,Schiller,Wold,8/31/16,White,3168
Richard,Milhous,Nixon,1/9/13,White,3169
Watkins,Moorman,Abbitt,5/21/08,White,3170
Thomas,Gerstle,Abernethy,5/16/03,White,3171
William,Robert,Anderson,6/17/21,White,3172
Elizabeth,Bullock,Andrews,2/12/11,White,3173
George,William,Andrews,12/12/06,White,3174
Wayne,Norviel,Aspinall,1896-04-03,White,3175
Walter,Stephan,Baring,9/9/11,White,3176
John,Glenn,Beall,6/19/27,White,3177
Nicholas,Joseph,Begich,4/6/32,White,3178
Page,Henry,Belcher,1899-04-21,White,3179
Jackson,Edward,Betts,5/26/04,White,3180
Leonard,Ray,Blanton,4/10/30,White,3181
Thomas,Hale,Boggs,2/15/14,White,3182
Frank,Townsend,Bow,2/20/01,White,3183
William,Emerson,Brock,11/23/30,White,3184
James,Lane,Buckley,3/9/23,White,4023
James,Aloysius,Byrne,6/22/06,White,3185
John,William,Byrnes,6/12/13,White,3186
Earle,,Cabell,10/27/06,White,3187
Patrick,Thomson,Caffery,7/6/32,White,3188
Cliffard,Dale,Carlson,12/30/15,White,3189
Emanuel,,Celler,1888-05-06,White,3190
William,Meyers,Colmer,1890-02-11,White,3191
William,Sheldrick,Conover,8/27/28,White,3192
Robert,James,Corbett,8/25/05,White,3193
William,Prather,Curlin,11/30/33,White,3194
Jorge,Luis,C√≥rdova D√≠az,4/20/07,White,3195
John,Goodchild,Dow,5/6/05,White,3196
John,Vernard,Dowdy,2/11/12,White,3197
Florence,Price,Dwyer,7/4/02,White,3198
Edmond,Augustus,Edmondson,4/7/19,White,3199
Edwin,Washington,Edwards,8/7/27,White,3200
Paul,Jones,Fannin,1/29/07,White,4024
Hiram,Leong,Fong,10/15/06,Asian,4025
James,Grove,Fulton,3/1/03,White,3201
Nick,,Galifianakis,7/22/28,White,3202
Cornelius,Edward,Gallagher,3/2/21,White,3203
David,Henry,Gambrell,12/20/29,White,4026
Edward,Alexander,Garmatz,2/7/03,White,3204
Charles,Hudson,Griffin,5/9/26,White,3205
George,Elliott,Hagan,5/24/16,White,3206
Durward,Gorham,Hall,9/14/10,White,3207
Seymour,,Halpern,11/19/13,White,3208
Philip,Aloysius,Hart,12/10/12,White,4027
Rupert,Vance,Hartke,5/31/19,White,4028
Louise,Day,Hicks,10/16/16,White,3209
Roman,Lee,Hruska,8/16/04,White,3210
William,Raleigh,Hull,4/17/06,White,3211
Charles,Raper,Jonas,12/9/04,White,3212
James,,Kee,4/15/17,White,3213
Hastings,,Keith,11/22/15,White,3214
John,Henry,Kyl,5/9/19,White,3215
Alton,Asa,Lennon,8/17/06,White,4029
Arthur,Albert,Link,5/24/14,White,3216
Sherman,Parkinson,Lloyd,1/11/14,White,3217
Speedy,Oteria,Long,6/16/28,White,3218
Michael,Joseph,Mansfield,3/16/03,White,3219
William,Moore,McCulloch,11/24/01,White,3220
Jack,H.,McDonald,6/28/32,White,3221
Gale,William,McGee,3/17/15,White,4030
James,Douglas,McKevitt,10/26/28,White,3222
John,Lanneau,McMillan,1898-04-12,White,3223
George,Paul,Miller,1891-01-15,White,3224
John,Stephen,Monagan,12/23/11,White,3225
Joseph,Manuel,Montoya,9/24/15,White,3226
Frank,Bradford,Morse,8/7/21,White,3227
Rogers,Clark Ballard,Morton,9/19/14,White,3228
Frank,Edward,Moss,9/23/11,White,4031
Alvin,Edward,O'Konski,5/26/04,White,3229
John,Orlando,Pastore,3/17/07,White,4032
Thomas,Minor,Pelly,8/22/02,White,3230
Alexander,,Pirnie,4/16/03,White,3231
Richard,Harding,Poff,10/19/23,White,3232
Roman,Conrad,Pucinski,5/13/19,White,3233
Graham,Boynton,Purcell,5/5/19,White,3234
Charlotte,Thompson,Reid,9/27/13,White,3235
William,Fitts,Ryan,6/28/22,White,3236
John,George,Schmitz,8/12/30,White,3237
Frederick,Delbert,Schwengel,5/28/06,White,3238
Hugh,Doggett,Scott,11/11/00,White,3239
H.,Allen,Smith,10/8/09,White,3240
William,Lee,Springer,4/12/09,White,3241
William,Stuart,Symington,6/26/01,White,4033
Robert,,Taft,2/26/17,White,3242
John,Hart,Terry,11/14/24,White,3243
Standish,Fletcher,Thompson,2/5/25,White,3244
John,Varick,Tunney,6/26/34,White,3245
John,Clarence,Watts,7/9/02,White,3246
John,Irving,Whalley,9/14/02,White,3247
Elaine,Schwartzenburg,Edwards,3/8/29,White,4034
James,George,Abourezk,2/24/31,White,3248
Leslie,Cornelius,Arends,1895-09-27,White,3249
LaMar,,Baker,12/29/15,White,3250
Dewey,Follett,Bartlett,3/28/19,White,4035
Benjamin,Bentley,Blackburn,2/14/27,White,3251
John,Anton,Blatnik,8/17/11,White,3252
Frank,James,Brasco,10/15/32,White,3253
William,Gilmer,Bray,6/17/03,White,3254
Edward,William,Brooke,10/26/19,African American,4036
Donald,Glenn,Brotzman,6/28/22,White,3255
Joel,Thomas,Broyhill,11/4/19,White,3256
John,Newbold Happy,Camp,5/11/08,White,3257
Hugh,Leo,Carey,4/11/19,White,3258
Clifford,Philip,Case,4/16/04,White,3259
Charles,Ernest,Chamberlain,7/22/17,White,3260
Frank,Monroe,Clark,12/24/15,White,3261
Richard,Clarence,Clark,9/14/28,White,4037
Harold,Reginald,Collier,12/12/15,White,3262
George,Washington,Collins,3/5/25,African American,3263
Paul,William,Cronin,3/14/38,White,3264
Carl,Thomas,Curtis,3/15/05,White,3265
Glenn,Robert,Davis,10/28/14,White,3266
John,William,Davis,9/12/16,White,3267
John,Richard,Dellenback,11/6/18,White,3268
Frank,Edward,Denholm,11/29/23,White,3269
David,Worth,Dennis,6/7/12,White,3270
Harold,Daniel,Donohue,6/18/01,White,3271
William,Jennings Bryan,Dorn,4/14/16,White,3272
Thaddeus,Joseph,Dulski,9/27/15,White,3273
James,Oliver,Eastland,11/28/04,White,4038
Ovie,Clark,Fisher,11/22/03,White,3274
Peter,Hood Ballantine,Frelinghuysen,1/17/16,White,3275
Harold,Vernon,Froehlich,5/12/32,White,3276
Thomas,Smithwick,Gettys,6/19/12,White,3277
George,Atlee,Goodling,1896-09-26,White,3278
Ella,Tambussi,Grasso,5/10/19,White,3279
Edith,Starrett,Green,1/17/10,White,3280
Robert,Paul,Griffin,11/6/23,White,3281
Martha,Wright,Griffiths,1/29/12,White,3282
Harold,Royce,Gross,1899-06-30,White,3283
James,Russell,Grover,3/5/19,White,3284
Charles,Samuel,Gubser,2/1/16,White,3285
William,Dawson,Gunter,7/16/34,White,3286
Richard,Thomas,Hanna,6/9/14,White,3287
Robert,Paul,Hanrahan,2/25/34,White,3288
Clifford,Peter,Hansen,10/16/12,White,4039
Julia,Butler,Hansen,6/14/07,White,3289
Orval,Howard,Hansen,8/3/26,White,3290
James,,Harvey,7/4/22,White,3291
Floyd,Kirk,Haskell,2/7/16,White,4040
William,Dodd,Hathaway,2/21/24,White,3292
Lawrence,Joseph,Hogan,9/30/28,White,3293
Chester,Earl,Holifield,12/3/03,White,3294
Craig,,Hosmer,5/6/15,White,3295
Robert,James,Huber,8/29/22,White,3296
William,Herbert,Hudnut,10/17/32,White,3297
John,Edmund,Hunt,11/25/08,White,3298
William,John,Keating,3/30/27,White,3299
Carleton,James,King,6/15/04,White,3300
Dan,Heflin,Kuykendall,7/9/24,White,3301
Peter,Nicholas,Kyros,7/11/25,White,3302
Earl,Fredrick,Landgrebe,1/21/16,White,3303
William,Somers,Mailliard,6/10/17,White,3304
Richard,Walker,Mallary,2/21/29,White,3305
Joseph,James,Maraziti,6/15/12,White,3306
David,Thomas,Martin,7/9/07,White,3307
Robert,Bruce,Mathias,11/17/30,White,3308
Wiley,,Mayne,1/19/17,White,3309
John,Little,McClellan,1896-02-25,White,3310
Thomas,James,McIntyre,2/20/15,White,4041
Clem,Rogers,McSpadden,11/9/25,White,3311
Lee,Warren,Metcalf,1/28/11,White,3312
William,Oswald,Mills,8/12/24,White,3313
William,Edwin,Minshall,10/24/11,White,3314
Wilmer,David,Mizell,8/13/30,White,3315
Walter,Frederick,Mondale,1/5/28,White,4042
Ancher,,Nelsen,10/11/04,White,3316
James,Blackwood,Pearson,5/7/20,White,4043
Bertram,L.,Podell,12/27/25,White,3317
Walter,Eugene,Powell,4/25/31,White,3318
Robert,Dale,Price,9/7/27,White,3319
John,Richard,Rarick,1/29/24,White,3320
Ogden,Rogers,Reid,6/24/25,White,3321
Howard,Winfield,Robison,10/30/15,White,3322
Angelo,Dominick,Roncallo,5/28/27,White,3323
John,James,Rooney,11/29/03,White,3324
William,Robert,Roy,2/23/26,White,3325
Earl,Baker,Ruth,2/7/16,White,3326
Charles,William,Sandman,10/23/21,White,3327
John,Phillips,Saylor,7/23/08,White,3328
William,Joseph,Scherle,3/14/23,White,3329
William,Lloyd,Scott,7/1/15,White,3330
Richard,Gardner,Shoup,11/29/23,White,3331
Henry,P.,Smith,9/29/11,White,3332
John,Jackson,Sparkman,1899-12-20,White,3333
Robert,Hampton,Steele,11/3/38,White,3334
Frank,Albert,Stubblefield,4/5/07,White,3335
Charles,McKevett,Teague,9/18/09,White,3336
Vernon,Wallace,Thomson,11/5/05,White,3337
Robert,Owens,Tiernan,2/24/29,White,3338
David,Gilmer,Towell,6/9/37,White,3339
Victor,Vincent,Veysey,4/14/15,White,3340
Jerome,Russell,Waldie,2/15/25,White,3341
John,Haines,Ware,8/29/08,White,3342
William,Beck,Widnall,3/17/06,White,3343
Lawrence,Gordon,Williams,9/15/13,White,3344
Wendell,,Wyatt,6/15/17,White,3345
Edward,Lunn,Young,9/7/20,White,3346
Samuel,Hollingsworth,Young,12/26/22,White,3347
Roger,Herschel,Zion,9/17/21,White,3348
John,Matthew,Zwach,2/8/07,White,3349
Louis,Crosby,Wyman,3/16/17,White,3350
Gerald,Rudolph,Ford,7/14/13,White,3351
Bella,Savitzky,Abzug,7/24/20,White,3352
Carl,Bert,Albert,5/10/08,White,3353
James,Browning,Allen,12/28/12,White,4044
William,Aloysius,Barrett,1896-08-14,White,3354
Birch,Evans,Bayh,1/22/28,White,4045
Alphonzo,,Bell,9/19/14,White,3355
Henry,Louis,Bellmon,9/3/21,White,4046
Jaime,,Ben√≠tez,10/29/08,Hispanic (Puerto Rican),3356
Edward,George,Biester,1/5/31,White,3357
Robert,Randolph,Casey,7/27/15,White,3358
Frank,Forrester,Church,7/25/24,White,4047
Donald,Daniel,Clancy,7/24/21,White,3359
John,Bertrand,Conlan,9/17/30,White,3360
Norris,H.,Cotton,5/11/00,White,3361
John,Chester,Culver,8/8/32,White,3362
Dominick,Vincent,Daniels,10/18/08,White,3363
Thomas,Nelms,Downing,2/1/19,White,3364
John,Anthony,Durkin,3/29/36,White,4048
Marvin,Leonel,Esch,8/4/27,White,3365
Edwin,Duing,Eshleman,12/4/20,White,3366
Joseph,Landon,Evins,10/24/10,White,3367
Richard,Harmon,Fulton,1/27/27,White,3368
Maurice,Robert,Gravel,5/13/30,White,4049
William,Joseph,Green,6/24/38,White,3369
Gilbert,,Gude,3/9/23,White,3370
James,Andrew,Haley,1899-01-04,White,3371
Tim,Lee,Hall,6/11/25,White,3372
James,Fred,Hastings,4/10/26,White,3373
Philip,Harold,Hayes,9/1/40,White,3374
Wayne,Levere,Hays,5/13/11,White,3375
Kenneth,William,Hechler,9/20/14,White,3376
Henry,,Helstoski,3/21/25,White,3377
David,Newton,Henderson,4/16/21,White,3378
Floyd,Verne,Hicks,5/29/15,White,3379
Andrew,Jackson,Hinshaw,8/4/23,White,3380
Allan,Turner,Howe,9/6/27,White,3381
William,Leonard,Hungate,12/14/22,White,3382
J.,Edward,Hutchinson,10/13/14,White,3383
Felix,Edward,H√©bert,10/12/01,White,3384
John,,Jarman,7/17/15,White,3385
Jacob,Koppel,Javits,5/18/04,White,3386
Albert,Walter,Johnson,4/17/06,White,3387
Robert,Emmett,Jones,6/12/12,White,3388
Joseph,Edward,Karth,8/26/22,White,3389
John,Carl,Kluczynski,1896-02-15,White,3390
Phillip,Mitchell,Landrum,9/10/07,White,3391
Jerry,Lon,Litton,5/12/37,White,3392
Torbert,Hart,Macdonald,6/6/17,White,3393
Ray,John,Madden,1892-02-25,White,3394
Warren,Grant,Magnuson,4/12/05,White,3395
John,Yetter,McCollister,6/10/21,White,3396
George,Stanley,McGovern,7/19/22,White,3397
Edward,Maurice,Mezvinsky,1/17/37,White,3398
Wilbur,Daigh,Mills,5/24/09,White,3399
Robert,Burren,Morgan,10/5/25,White,4050
Thomas,Ellsworth,Morgan,10/13/06,White,3400
Charles,Adams,Mosher,5/7/06,White,3401
Gaylord,Anton,Nelson,6/4/16,White,4051
James,Grant,O'Hara,11/8/25,White,3402
Otto,Ernest,Passman,6/27/00,White,3403
John,William Wright,Patman,1893-08-06,White,3404
Jerry,Lyle,Pettis,7/18/16,White,3405
William,Joseph,Randall,7/16/09,White,3406
Thomas,Mankell,Rees,3/26/25,White,3407
Abraham,Alexander,Ribicoff,4/9/10,White,3408
John,Edward,Roush,9/12/20,White,3409
Herman,Theodore,Schneebeli,7/7/07,White,3410
Richard,Schultz,Schweiker,6/1/26,White,3411
Garner,E.,Shriver,7/6/12,White,3412
James,Vincent,Stanton,2/27/32,White,3413
Alan,Watson,Steelman,3/15/42,White,3414
Sam,,Steiger,3/10/29,White,3415
Robert,Grier,Stephens,8/14/13,White,3416
Adlai,Ewing,Stevenson,10/10/30,White,4052
Richard,Bernard,Stone,9/22/28,White,4053
Williamson,Sylvester,Stuckey,5/25/35,White,3417
Leonor,Kretzer,Sullivan,8/21/02,White,3418
James,Wadsworth,Symington,9/28/27,White,3419
Burt,Lacklen,Talcott,2/22/20,White,3420
Herman,Eugene,Talmadge,8/9/13,White,4054
Roy,Arthur,Taylor,1/31/10,White,3421
Richard,Franklin,Vander Veen,11/26/22,White,3422
Joseph,Phillip,Vigorito,11/10/18,White,3423
Milton,Ruben,Young,1897-12-06,White,4055
Pierre,Samuel,du Pont,1/22/35,White,3424
Wendell,Richard,Anderson,2/1/33,White,4056
Clifford,Robertson,Allen,1/6/12,White,3425
Joseph,Scofield,Ammerman,7/14/24,White,3426
Herman,,Badillo,8/21/29,Hispanic (Puerto Rican),3427
Robert,Selmer,Bergland,7/22/28,White,3428
Michael,Thomas,Blouin,11/7/45,White,3429
John,Bayne,Breckinridge,11/29/13,White,3430
Garry,Eldridge,Brown,8/12/23,White,3431
J.,Herbert,Burke,1/14/13,White,3432
James,Anthony,Burke,3/30/10,White,3433
Yvonne,Brathwaite,Burke,10/5/32,African American,3434
Omar,Truman,Burleson,3/19/06,White,3435
Harry,Flood,Byrd,12/20/14,White,4057
Goodloe,Edgar,Byron,6/22/29,White,3436
Howard,Walter,Cannon,1/26/12,White,4058
Bruce,Faulkner,Caputo,8/7/43,White,3437
Charles,Joseph,Carney,4/17/13,White,3438
Elford,Albin,Cederberg,3/6/18,White,3439
Delwin,Morgan,Clawson,1/11/14,White,3440
Robert,John,Cornell,12/16/19,White,3441
David,Lance,Cornwell,6/14/45,White,3442
John,Edward,Cunningham,3/27/31,White,3443
James,Joseph,Delaney,3/19/01,White,3444
John,Herman,Dent,3/10/08,White,3445
Joshua,,Eilberg,2/12/21,White,3446
Frank,Edward,Evans,9/6/23,White,3447
Walter,,Flowers,4/12/33,White,3448
John,James,Flynt,11/8/14,White,3449
Donald,MacKay,Fraser,2/20/24,White,3450
Louis,,Frey,1/11/34,White,3451
Robert,Alton,Gammage,3/13/38,White,3452
Mark,Warren,Hannaford,2/7/25,White,3453
Michael,Joseph,Harrington,9/2/36,White,3454
Samuel,Ichiye,Hayakawa,7/18/06,Asian,4059
Kaneaster,,Hodges,8/20/38,White,4060
Hubert,Horatio,Humphrey,5/27/11,White,4061
Barbara,Charline,Jordan,2/21/36,African American,3455
William,Matthew,Ketchum,9/2/21,White,3456
Martha,Elizabeth,Keys,8/10/30,White,3457
Edward,Irving,Koch,12/12/24,White,3458
John,Hans,Krebs,12/17/26,White,3459
Joseph,Anthony,LeFante,9/8/28,White,3460
Robert,Louis,Leggett,7/26/26,White,3461
George,Herman,Mahon,9/22/00,White,3462
James,Robert,Mann,4/27/20,White,3463
John,Joseph,McFall,2/20/18,White,3464
Lloyd,,Meeds,12/11/27,White,3465
Ralph,Harold,Metcalfe,5/29/10,African American,3466
Helen,Stevenson,Meyner,3/5/29,White,3467
Dale,,Milford,2/18/26,White,3468
John,Emerson,Moss,4/13/15,White,3469
Edmund,Sixtus,Muskie,3/28/14,White,4062
Gary,Arthur,Myers,8/16/37,White,3470
Robert,Nelson Cornelius,Nix,1898-08-09,African American,3471
Edward,Worthington,Pattison,4/29/32,White,3472
Shirley,Neil,Pettis,7/12/24,White,3473
Otis,Grey,Pike,8/31/21,White,3474
William,Robert,Poage,1899-12-28,White,3475
Albert,Harold,Quie,9/18/23,White,3476
Theodore,Marshall,Risenhoover,11/3/34,White,3477
Paul,Grant,Rogers,6/4/21,White,3478
Teno,,Roncalio,3/23/16,White,3479
Frederick,Bernard,Rooney,11/6/25,White,3480
Philip,Edward,Ruppe,9/29/26,White,3481
Leo,Joseph,Ryan,5/5/25,White,3482
Ronald,Arthur,Sarasin,12/31/34,White,3483
Harrison,Hagan,Schmitt,7/3/35,White,4063
George,Edward,Shipley,4/21/27,White,3484
Robert,Lee Fulton,Sikes,6/3/06,White,3485
Bernice,Frederic,Sisk,12/14/10,White,3486
Joe,,Skubitz,5/6/06,White,3487
Newton,Ivan,Steers,1/13/17,White,3488
William,Albert,Steiger,5/15/38,White,3489
Olin,Earl,Teague,4/6/10,White,3490
Charles,,Thone,1/4/24,White,3491
Richard,Alvin,Tonry,6/25/35,White,3492
James,(Jim) Guy,Tucker,6/13/43,White,3493
Joseph,David,Waggonner,9/7/18,White,3494
William,Francis,Walsh,7/11/12,White,3495
Charles,William,Whalen,7/31/20,White,3496
Charles,Edward,Wiggins,12/3/27,White,3497
Harrison,Arlington,Williams,12/10/19,White,3498
Andrew,Jackson,Young,3/12/32,White,3499
John,Andrew,Young,11/10/16,White,3500
Maryon,Pittman,Allen,11/30/25,White,4064
Paul,Gerhart,Hatfield,4/29/28,White,4065
Muriel,Buck,Humphrey,2/20/12,White,4066
Donald,Wilbur,Stewart,2/8/40,White,4067
Jerome,Anthony,Ambro,6/27/28,White,3501
John,Bayard,Anderson,2/15/22,White,3502
Thomas,Ludlow,Ashley,1/11/23,White,3503
Howard,Henry,Baker,11/15/25,White,4068
Alvin,James,Baldus,4/27/26,White,3504
Robert,Edmund,Bauman,4/4/37,White,3505
Edward,Peter,Beard,1/20/40,White,3506
John,,Brademas,3/2/27,White,3507
John,Hall,Buchanan,3/19/28,White,3508
William,Dean,Burlison,3/15/31,White,3509
Tim,Lee,Carter,9/2/10,White,3510
John,Joseph,Cavanaugh,8/1/45,White,3511
James,Colgate,Cleveland,6/13/20,White,3512
James,Charles,Corman,10/20/20,White,3513
Mendel,Jackson,Davis,10/23/42,White,3514
Samuel,Leeper,Devine,12/21/15,White,3515
Charles,Coles,Diggs,12/2/22,White,3516
Robert,Frederick,Drinan,11/15/20,White,3517
Robert,Blackford,Duncan,12/4/20,White,3518
Robert,Christian,Eckhardt,7/16/13,White,3519
Melvin,Herbert,Evans,8/7/17,African American,3520
Joseph,Lyman,Fisher,1/11/14,White,3521
Daniel,John,Flood,11/26/03,White,3522
Robert,Nicholas,Giaimo,10/15/19,White,3523
Vonno,Lamar,Gudger,4/30/19,White,3524
James,Michael,Hanley,7/19/20,White,3525
Herbert,Eugene,Harris,4/14/26,White,3526
William,Howard,Harsha,1/1/21,White,3527
Elizabeth,,Holtzman,8/11/41,White,3528
Walter,Darlington,Huddleston,4/15/26,White,4069
John,Guiher,Hutchinson,2/4/35,White,3529
Richard,Howard,Ichord,6/27/26,White,3530
John,Wilson,Jenrette,5/19/36,White,3531
Roger,William,Jepsen,12/23/28,White,4070
Harold,Terry,Johnson,12/2/07,White,3532
James,Paul,Johnson,6/2/30,White,3533
Richard,,Kelly,7/31/24,White,3534
Anthony,Claude,Leach,3/30/34,White,3535
James,Fredrick,Lloyd,9/27/22,White,3536
Gene,Andrew,Maguire,3/11/39,White,3537
Marvin,Dawson,Mathis,11/30/40,White,3538
Mike,,McCormack,12/14/21,White,3539
Robert,Cameron,McEwen,1/5/20,White,3540
Koln,Gunn,McKay,2/23/25,White,3541
Abner,Joseph,Mikva,1/21/26,White,3542
William,Singer,Moorhead,4/8/23,White,3543
John,Michael,Murphy,8/3/26,White,3544
Morgan,Francis,Murphy,4/16/32,White,3545
Raphael,John,Musto,3/30/29,White,3546
Michael,Joseph,Myers,5/4/43,White,3547
Lucien,Norbert,Nedzi,5/28/25,White,3548
Edward,James,Patten,8/22/05,White,3549
Charles,Harting,Percy,9/27/19,White,4071
Lunsford,Richardson,Preyer,1/11/19,White,3550
Jennings,,Randolph,3/8/02,White,3551
Herbert,Ray,Roberts,3/28/13,White,3552
William,Howard,Royer,4/11/20,White,3553
Harold,Lowell,Runnels,3/17/24,White,3554
David,Edward,Satterfield,12/2/20,White,3555
Keith,George,Sebelius,9/10/16,White,3556
John,Mark,Slack,3/18/15,White,3557
Gladys,Noon,Spellman,3/1/18,White,3558
Edward,John,Stack,4/29/10,White,3559
Harley,Orrin,Staggers,8/3/07,White,3958
Thomas,Jefferson,Steed,3/2/04,White,3561
Bennett,McVey,Stewart,8/6/12,White,3562
Frank,,Thompson,7/26/18,White,3563
John,Goodwin,Tower,9/29/25,White,4072
David,Conner,Treen,7/16/28,White,3564
Paul,Efthemios,Tsongas,2/14/41,White,3565
Albert,Conrad,Ullman,3/9/14,White,3566
Lionel,,Van Deerlin,7/25/14,White,3567
Charles,Albert,Vanik,4/7/13,White,3568
Charles,Herbert,Wilson,2/15/17,White,3569
Robert,Carlton,Wilson,4/5/16,White,3570
Lester,Lionel,Wolff,1/4/19,White,3571
Joseph,Peyton,Wyatt,10/12/41,White,3572
John,Waldemar,Wydler,6/9/24,White,3573
James,,Abdnor,2/13/23,White,3574
Mark,,Andrews,5/19/26,White,3575
Jean,Spencer,Ashbrook,9/21/34,White,3576
John,Milan,Ashbrook,9/21/28,White,3577
Eugene,Vincent,Atkinson,4/5/27,White,3578
Louis,Arthur,Bafalis,9/28/29,White,3579
Donald,Allen,Bailey,7/21/45,White,3580
R.,Wendell,Bailey,7/30/40,White,3581
Robin,Leo,Beard,8/21/39,White,3582
Cleveland,Keith,Benedict,3/21/35,White,3583
Adam,,Benjamin,8/6/35,White,3584
Jonathan,Brewster,Bingham,4/24/14,White,3585
James,Johnston,Blanchard,8/8/42,White,3586
Richard,Walker,Bolling,5/17/16,White,3587
David,Reece,Bowen,10/21/32,White,3588
Jack,Thomas,Brinkley,12/22/30,White,3589
William,McNulty,Brodhead,9/12/41,White,3590
Clarence,J.,Brown,6/18/27,White,3591
Clair,Walter,Burgener,12/5/21,White,3592
John,Lowell,Burton,12/15/32,White,3593
Manley,Caldwell,Butler,6/2/25,White,3594
Gregory,Wright,Carman,1/31/37,White,3595
Shirley,Anita,Chisholm,11/30/24,African American,3596
Donald,Holst,Clausen,4/27/23,White,3597
James,Mitchell,Collins,4/29/16,White,3598
William,Ross,Cotter,7/18/26,White,3599
James,Kitchenman,Coyne,11/17/46,White,3600
Robert,Williams,Daniel,3/17/36,White,3601
George,Elmore,Danielson,2/20/15,White,3602
Lawrence,Joseph,DeNardis,3/18/38,White,3603
Huey,Joel,Deckard,3/7/42,White,3604
Jeremiah,Andrew,Denton,7/15/24,White,4073
Edward,Joseph,Derwinski,9/15/26,White,3605
Charles,Francis,Dougherty,6/26/37,White,3606
James,Whitney,Dunn,7/21/43,White,3607
Thomas,Francis,Eagleton,9/4/29,White,4074
John,Porter,East,5/5/31,White,4075
David,Farnham,Emery,9/1/48,White,3608
Arlen,Ingolf,Erdahl,2/27/31,White,3609
Allen,Edward,Ertel,11/7/37,White,3610
Billy,Lee,Evans,11/10/41,White,3611
David,Walter,Evans,8/17/46,White,3612
Thomas,Beverley,Evans,11/5/31,White,3613
John,G.,Fary,4/11/11,White,3614
Millicent,Hammond,Fenwick,2/25/10,White,3615
Paul,,Findley,6/23/21,White,3616
Floyd,James,Fithian,11/3/28,White,3617
Lawrence,H.,Fountain,4/23/13,White,3618
Ronald,Bryan,Ginn,5/31/34,White,3619
Barry,Morris,Goldwater,1/1/09,White,4076
Barry,Morris,Goldwater,7/15/38,White,3620
Wayne,Richard,Grisham,1/10/23,White,3621
Tennyson,,Guyer,11/29/13,White,3622
Thomas,Michael,Hagedorn,11/27/43,White,3623
Gary,Warren,Hart,11/28/36,White,4077
Paula,,Hawkins,1/24/27,White,4078
Margaret,M.,Heckler,6/21/31,White,3624
Jon,Clifton,Hinson,3/16/42,White,3625
Kenneth,Lamar,Holland,11/24/34,White,3626
Harold,Capistran,Hollenbeck,12/29/38,White,3627
James,Edmund,Jeffries,6/1/25,White,3628
Walter,Eugene,Johnston,3/3/36,White,3629
Paul,Dominque,Laxalt,8/2/22,White,4079
John,,LeBoutillier,5/26/53,White,3630
Raymond,Francis,Lederer,5/19/38,White,3631
Gary,Alcide,Lee,8/18/33,White,3632
Russell,Billiu,Long,11/3/18,White,4080
Marc,Lincoln,Marks,2/12/27,White,3633
Charles,McCurdy,Mathias,7/24/22,White,3634
Mack,Francis,Mattingly,1/7/31,White,4081
James,Albon,Mattox,8/29/43,White,3635
Robert,,McClory,1/31/08,White,3636
Paul,Norton,McCloskey,9/29/27,White,3637
Donald,Jerome,Mitchell,5/8/23,White,3638
Anthony,John,Moffett,8/18/44,White,3639
Robert,Homer,Mollohan,9/18/09,White,3640
Ronald,Milton,Mottl,2/6/34,White,3641
John,Light,Napier,5/16/47,White,3642
James,Leo,Nelligan,2/14/29,White,3643
Peter,A.,Peyser,9/7/21,White,3644
Thomas,Fisher,Railsback,1/22/32,White,3645
Henry,Schoellkopf,Reuss,2/22/12,White,3646
John,Jacob,Rhodes,9/18/16,White,4527
Frederick,William,Richmond,11/15/23,White,3648
Clint,Ronald,Roberts,1/30/35,White,3649
John,Harbin,Rousselot,11/1/27,White,3650
James,David,Santini,8/13/37,White,3651
Robert,Norton,Shamansky,4/18/27,White,3652
Albert,Lee,Smith,8/31/31,White,3653
Joseph,Francis,Smith,1/24/20,White,3654
John,William,Stanton,2/20/24,White,3655
David,Michael,Staton,2/11/40,White,3656
David,Alan,Stockman,11/10/46,White,3657
William,Creed,Wampler,4/21/26,White,3658
Edward,Ford,Weber,7/26/31,White,3659
Richard,Crawford,White,4/29/23,White,3660
Leo,C.,Zeferetti,7/15/27,White,3661
Nicholas,Frederick,Brady,4/11/30,White,4082
Donald,Joseph,Albosta,12/5/25,White,3662
Ike,Franklin,Andrews,9/2/25,White,3663
Edwin,Ruthvin,Bethune,12/19/35,White,3664
Charles,Robin,Britt,6/29/42,White,3665
Phillip,,Burton,6/1/26,White,3666
Lawton,Mainor,Chiles,4/3/30,White,4083
Barber,Benjamin,Conable,11/2/22,White,3667
Thomas,Joseph,Corcoran,5/23/39,White,3668
Baltasar,,Corrada-del R√≠o,4/10/35,Hispanic (Puerto Rican),3669
Daniel,Bever,Crane,1/10/36,White,3670
Norman,Edward,D'Amours,10/14/37,White,3671
William,Jackson,Edwards,9/20/28,White,3672
John,Neal,Erlenborn,2/8/27,White,3673
Daniel,Jackson,Evans,10/16/25,White,4084
Geraldine,Anne,Ferraro,8/26/35,White,3674
Edwin,Bell,Forsythe,1/17/16,White,3675
Katie,Beatrice,Hall,4/3/38,African American,3676
Kent,Ronald,Hance,11/14/42,White,3677
George,Vernon,Hansen,9/14/30,White,3678
Frank,Girard,Harrison,2/2/40,White,3679
Jacob,Chic,Hecht,11/30/28,White,4085
Jack,English,Hightower,9/6/26,White,3680
Henry,Martin,Jackson,5/31/12,White,3681
Abraham,,Kazen,1/17/19,White,3682
Raymond,Peter,Kogovsek,8/19/41,White,3683
Elliott,Harris,Levitas,12/26/30,White,3684
Clarence,Dickinson,Long,12/11/08,White,3685
David,Daniel,Marriott,11/2/39,White,3686
James,Grubbs,Martin,12/11/35,White,3687
Lawrence,Patton,McDonald,4/1/35,White,3688
James,Francis,McNulty,10/18/25,White,3689
John,,Melcher,9/6/24,White,3690
Joseph,George,Minish,9/1/16,White,3691
Richard,Lawrence,Ottinger,1/27/29,White,3692
William,Neff,Patman,3/26/27,White,3693
Jerry,Mumford,Patterson,10/25/34,White,3694
Carl,Dewey,Perkins,10/15/12,White,3695
Joel,McFee,Pritchard,5/5/25,White,3696
William,,Proxmire,11/11/15,White,4086
William,Richard,Ratchford,5/24/34,White,3697
James,Kenneth,Robinson,5/14/16,White,3698
Benjamin,Stanley,Rosenthal,6/8/23,White,3699
Harold,Samuel,Sawyer,3/21/20,White,3700
James,Michael,Shannon,4/4/52,White,3701
Robert,Theodore,Stafford,8/8/13,White,3702
John,Cornelius,Stennis,8/3/01,White,4087
Paul,Seward,Trible,12/29/46,White,3703
Tommy,Joe,Vandergriff,1/29/26,White,3704
Harold,,Washington,4/15/22,African American,3705
Lowell,Palmer,Weicker,5/16/31,White,3706
Lyle,,Williams,8/23/42,White,3707
Edward,Lawrence,Winn,8/22/19,White,3708
Antonio,Borja,Won Pat,12/10/08,Asian,3709
Clement,John,Zablocki,11/18/12,White,3710
Edward,,Zorinsky,11/11/28,White,4088
Joseph,Patrick,Addabbo,3/17/25,White,3711
William,Lester,Armstrong,3/16/37,White,3712
Michael,Darr,Barnes,9/3/43,White,3713
Berkley,Warren,Bedell,3/5/21,White,3714
Rudolph,Eli,Boschwitz,11/7/30,White,4089
Carroll,Ashmore,Campbell,7/24/40,White,3715
William,,Carney,7/1/42,White,3716
Eugene,A.,Chappie,3/28/20,White,3717
William,Wilfred,Cobey,5/13/39,White,3718
Fred,J.,Eckert,5/6/41,White,3719
Robert,William,Edgar,5/29/43,White,3720
Thomas,Cooper,Evans,5/26/24,White,3721
Bobbi,,Fiedler,4/22/37,White,3722
William,Webster,Franklin,12/13/41,White,3723
Don,,Fuqua,8/20/33,White,3724
John,,Grotberg,3/23/25,White,3725
Sam,Blakeley,Hall,1/11/24,White,3726
Thomas,Forbes,Hartnett,8/7/41,White,3727
Cecil,Landau,Heftel,9/30/24,White,3728
William,Martin,Hendon,11/9/44,White,3729
Elwood,Haynes,Hillis,3/6/26,White,3730
Marjorie,Sewell,Holt,9/17/20,White,3731
Gordon,John,Humphrey,10/9/40,White,4090
James,Robert,Jones,5/5/39,White,3732
Thomas,Norman,Kindness,8/26/29,White,3733
Kenneth,Bentley,Kramer,2/19/42,White,3734
Thomas,Gilbert,Loeffler,8/1/46,White,3735
Catherine,Small,Long,2/7/24,White,3736
Gillis,William,Long,5/4/23,White,3737
Stanley,Nelson,Lundine,2/4/39,White,3738
James,Albertus,McClure,12/27/24,White,3739
John,Rettie,McKernan,5/20/48,White,3740
Parren,James,Mitchell,4/29/22,African American,3741
David,Smith,Monson,6/20/45,White,3742
William,Henson,Moore,10/4/39,White,3743
George,Miller,O'Brien,6/17/17,White,3744
Thomas,Phillip,O'Neill,12/9/12,White,3745
Eldon,Dean,Rudd,7/15/20,White,3746
John,Frederick,Seiberling,9/8/18,White,3747
Mark,Deli,Siljander,6/11/51,White,3748
Marion,Gene,Snyder,1/26/28,White,3749
Michael,Lathrop,Strang,6/17/29,White,3750
Alton,R.,Waldon,12/21/36,African American,3751
James,Howard,Weaver,8/8/27,White,3752
George,William,Whitehurst,3/12/25,White,3753
Charles,Orville,Whitley,1/3/27,White,3754
Robert,Anton,Young,11/22/23,White,3755
Edwin,Van Wyck,Zschau,1/6/40,White,3756
James,Terry,Sanford,8/20/17,White,4091
James,Thomas,Broyhill,8/19/27,White,3757
Brockman,,Adams,1/13/27,White,3758
Robert,Edward,Badham,6/9/29,White,3759
Mario,,Biaggi,10/26/17,White,3760
Edward,Patrick,Boland,10/1/11,White,3761
William,Hill,Boner,2/14/45,White,3762
Don,Leroy,Bonker,3/7/37,White,3763
Eldon,Beau,Boulter,2/23/42,White,3764
Sala,Galante,Burton,4/1/25,White,3765
William,Venroe,Chappell,2/3/22,White,3766
Alan,,Cranston,6/19/14,White,4092
Wilbur,Clarence,Daniel,5/12/14,White,3767
Harold,John,Daub,4/23/41,White,3768
Jack,,Davis,9/6/35,White,3769
Joseph,J.,DioGuardi,9/20/40,White,3770
Alan,John,Dixon,7/7/27,White,4093
Charles,Wayne,Dowdy,7/27/43,White,3771
John,James,Duncan,3/24/19,White,3772
Wyche,,Fowler,10/6/40,White,3773
Edwin,Jacob,Garn,10/12/32,White,4094
Kenneth,James,Gray,11/14/24,White,3774
James,John,Howard,7/24/27,White,3775
Ed,,Jones,4/20/12,White,3776
David,Kemp,Karnes,12/12/48,White,4095
Robert,Walter,Kasten,6/19/42,White,3777
Jack,French,Kemp,7/13/35,White,3778
Ernest,Leslie,Konnyu,5/17/37,White,3779
Delbert,Leroy,Latta,3/5/20,White,3780
Michael,Edward,Lowry,3/8/39,White,3781
Manuel,,Lujan Jr.,5/12/28,Hispanic,3782
Kenneth,Hood,MacKay,3/22/33,White,3783
Stewart,Brett,McKinney,1/30/31,White,3784
Daniel,Andrew,Mica,2/4/44,White,3785
William,Flynt,Nichols,10/16/18,White,3786
Charles,Melvin,Price,1/1/05,White,3787
James,Danforth,Quayle,2/4/47,White,3788
Peter,Wallace,Rodino,6/7/09,White,3789
Charles,Elson,Roemer,10/4/43,White,3790
Warren,Bruce,Rudman,5/18/30,White,4096
Fernand,Joseph,St. Germain,1/9/28,White,3791
Samuel,Studdiford,Stratton,9/27/16,White,3792
Fofō,Iosefa Fiti,Sunia,3/13/37,Pacific Islander,3793
David,McCann,Sweeney,9/15/55,White,3794
Patrick,Lynn,Swindall,10/18/50,White,3795
Steven,Douglas,Symms,4/23/38,White,3796
Gene,,Taylor,2/10/28,White,3889
Timothy,E.,Wirth,9/22/39,White,3798
George,Cornelius,Wortley,12/8/26,White,3799
Jim,,Bates,7/21/41,White,3800
Lloyd,Millard,Bentsen,2/11/21,White,3801
Corinne,Claiborne,Boggs,3/13/16,White,3802
Douglas,Harry,Bosco,7/28/46,White,3803
Joseph,Edward,Brennan,11/2/34,White,3804
John,William,Buechner,6/4/40,White,3805
Quentin,Northrup,Burdick,6/19/08,White,3806
Richard,Bruce,Cheney,1/30/41,White,3807
James,McClure,Clarke,6/12/17,White,3808
Anthony,Lee,Coelho,6/15/42,White,3809
James,Andrew,Courter,10/14/41,White,3810
George,William,Crockett,8/10/09,African American,3811
John,Claggett,Danforth,9/5/36,White,4097
Dennis,Webster,DeConcini,5/8/37,White,4098
Charles,Gywnne,Douglas,12/2/42,White,3812
David,Ferdinand,Durenberger,8/19/34,White,4099
Royden,Patrick,Dyson,11/15/48,White,3813
Walter,Edward,Fauntroy,2/6/33,African American,3814
Ronnie,Gene,Flippo,8/15/37,White,3815
James,Joseph,Florio,8/29/37,White,3816
William,Eldridge,Frenzel,7/31/28,White,3817
Robert,,Garcia,1/9/33,Hispanic,3818
James,William,Grant,9/21/43,White,3819
Augustus,Freeman,Hawkins,8/31/07,African American,3820
Henry,John,Heinz,10/23/38,White,3821
John,Patrick,Hiler,4/24/53,White,3822
Robert,William,Kastenmeier,1/24/24,White,3823
James,Marvin,Leath,5/6/31,White,3824
George,Thomas,Leland,11/27/44,African American,3825
Thomas,Andrew,Luken,7/9/25,White,3826
Donald,Edgar,Lukens,2/11/31,White,3827
Lynn,Morley,Martin,12/26/39,White,3828
Spark,Masayuki,Matsunaga,10/8/16,Asian,3829
Howard,Morton,Metzenbaum,6/4/17,White,4100
George,John,Mitchell,8/20/33,Whiet,4101
Guy,Victor,Molinari,11/23/28,White,3830
Bruce,Andrew,Morrison,10/8/44,White,3831
Howard,Curtis,Nielson,9/12/24,White,3832
Stanford,E.,Parris,9/9/29,White,3833
Charles,,Pashayan,3/27/41,White,3834
Claude,Denson,Pepper,9/8/00,White,4102
Donald,Wayne,Riegle,2/4/38,White,3835
Tommy,Franklin,Robinson,3/7/42,White,3836
John,,Rowland,5/24/57,White,3837
Patricia,Fukuda,Saiki,5/28/30,Asian,3838
James,Ralph,Sasser,9/30/36,White,4103
Claudine,,Schneider,3/25/47,White,3839
Bill,,Schuette,10/13/53,White,3840
Norman,David,Shumway,7/28/34,White,3841
Dennis,Alan,Smith,1/19/38,White,3842
Larkin,I.,Smith,6/26/44,White,3843
Peter,P.,Smith,10/31/45,White,3844
Virginia,Dodd,Smith,6/30/11,White,3845
Arlan,Ingehart,Stangeland,2/8/30,White,3846
Thomas,Joseph,Tauke,10/11/50,White,3847
Douglas,,Walgren,12/28/40,White,3848
Malcolm,,Wallop,2/27/33,White,4104
Robert,Russell,Whittaker,9/18/39,White,3849
Pete,,Wilson,8/23/33,White,4105
James,Claude,Wright,12/22/22,White,3850
George,Herbert Walker,Bush,6/12/24,White,3851
William,Vollie,Alexander,1/16/34,White,3852
Glenn,Malcolm,Anderson,2/21/13,White,3853
Frank,,Annunzio,1/12/15,White,3854
Beryl,Franklin,Anthony,2/21/38,White,3855
Chester,Greenough,Atkins,4/14/48,White,3856
Les,,AuCoin,10/21/42,White,3857
Druie,Douglas,Barnard,3/20/22,White,3858
Harry,Stephen,Bartlett,9/19/47,White,3859
Charles,Edward,Bennett,12/2/10,White,3860
Ben,Garrido,Blaz,2/14/28,Hispanic,3861
David,Lyle,Boren,4/21/41,White,4106
William,Warren,Bradley,7/28/43,White,4107
William,S.,Broomfield,4/28/22,White,3862
George,Hanks,Brown,2/12/40,White,3863
Terry,Lee,Bruce,3/25/44,White,3864
Albert,Garza,Bustamante,4/8/35,Hispanic,3865
Beverly,Barton Butcher,Byron,7/27/32,White,3866
Rodney,Dennis,Chandler,7/13/42,White,3867
William,Sebastian,Cohen,8/28/40,White,3868
Earl,Thomas,Coleman,5/29/43,White,3869
Antonio,J.,Colorado,9/8/39,Hispanic,3870
Silvio,Ottavio,Conte,11/9/21,White,3871
Robert,Lawrence,Coughlin,4/11/29,White,3872
John,W.,Cox,7/10/47,White,3873
William,Edwin,Dannemeyer,9/22/29,White,3874
Robert,William,Davis,7/31/32,White,3875
William,Louis,Dickinson,6/5/25,White,3876
Brian,Joseph,Donnelly,3/2/46,White,3877
Thomas,Joseph,Downey,1/28/49,White,3878
Bernard,James,Dwyer,1/24/21,White,3879
Mervyn,Malcolm,Dymally,5/12/26,Two or More Races,3880
Joseph,Daniel,Early,1/31/33,White,3881
Dennis,Edward,Eckart,4/6/50,White,3882
Marvin,Henry,Edwards,7/12/37,White,3883
Ben,,Erdreich,12/9/38,White,3884
J.,James,Exon,8/9/21,White,4108
Dante,Bruno,Fascell,3/9/17,White,3885
Edward,Farrell,Feighan,10/22/47,White,3886
Jaime,B.,Fuster,1/12/41,Hispanic,3887
Joseph,Matthew,Gaydos,7/3/26,White,3888
Albert,Arnold,Gore,3/31/48,White,3006
William,Herbert,Gray,8/20/41,African American,3890
Sedgwick,William,Green,10/16/29,White,3891
Frank,Joseph,Guarini,8/20/24,White,3892
John,Paul,Hammerschmidt,5/4/22,White,3893
Claude,,Harris,6/29/40,White,3894
Charles,Floyd,Hatcher,7/1/39,White,3895
Mark,Odom,Hatfield,7/12/22,White,4109
Charles,Arthur,Hayes,2/17/18,African American,3896
Howell,Thomas,Heflin,6/19/21,White,4110
Dennis,Mark,Hertel,12/7/48,White,3897
Clyde,Cecil,Holloway,11/28/43,White,3898
Larry,Jones,Hopkins,10/25/33,White,3899
Joan,Kelly,Horn,10/18/36,White,3900
Frank,Jefferson,Horton,12/12/19,White,3901
Carroll,,Hubbard,7/7/37,White,3902
Thomas,Jerald,Huckaby,7/19/41,White,3903
Andrew,Poysell,Ireland,8/23/30,White,3904
Craig,T.,James,5/5/41,White,3905
Edgar,Lanier,Jenkins,1/4/33,White,3906
John,Bennett,Johnston,6/10/32,White,4111
Ben,,Jones,8/30/41,White,3907
Walter,Beaman,Jones,8/19/13,White,3908
James,Prather,Jontz,12/18/51,White,3909
Nancy,Landon,Kassebaum,7/29/32,White,4112
Joseph,Paul,Kolter,9/3/26,White,3910
Peter,Houston,Kostmayer,9/27/46,White,3911
Robert,John,Lagomarsino,9/4/26,White,3912
William,,Lehman,10/5/13,White,3913
Norman,Frederick,Lent,3/23/31,White,3914
Meldon,Edises,Levine,6/7/43,White,3915
William,David,Lowery,5/2/47,White,3916
Charles,J.,Luken,7/18/51,White,3917
Edward,Rell,Madigan,1/13/36,White,3918
Ronald,Charles,Marlenee,8/8/35,White,3919
David,O'Brien,Martin,4/26/44,White,3920
Nicholas,James,Mavroules,11/1/29,White,3921
Bob,,McEwen,1/12/50,White,3922
Raymond,Joseph,McGrath,3/27/42,White,3923
Matthew,Francis,McHugh,12/6/38,White,3924
Charles,Thomas,McMillen,5/26/52,White,3925
Clarence,E.,Miller,11/1/17,White,3926
John,Ripin,Miller,5/23/38,White,3927
Jim,,Moody,9/2/35,White,3928
Sidney,Wallace,Morrison,5/13/33,White,3929
Robert,Jan,Mrazek,11/6/45,White,3930
David,Ray,Nagle,4/15/43,White,3931
Richard,,Nichols,4/29/26,White,3932
Henry,James,Nowak,2/21/35,White,3933
Samuel,Augustus,Nunn,9/8/38,White,4113
Mary,Rose,Oakar,3/5/40,White,3934
James,R.,Olin,2/28/20,White,3935
Douglas,Wayne,Owens,5/2/37,White,3936
Elizabeth,J.,Patterson,11/18/39,White,3937
Donald,James,Pease,9/26/31,White,3938
Claiborne,de Borda,Pell,11/22/18,White,4114
Carl,Christopher,Perkins,8/6/54,White,3939
Larry,Lee,Pressler,3/29/42,White,3940
David,Hampton,Pryor,8/29/34,White,3941
Carl,Duane,Pursell,12/19/32,White,3942
Richard,Belmont,Ray,2/2/27,White,3943
John,Jacob,Rhodes,9/8/43,White,4527
Matthew,John,Rinaldo,9/1/31,White,3945
Donald,Lawrence,Ritter,10/21/40,White,3946
Robert,A.,Roe,2/28/24,White,3947
Edward,Ross,Roybal,2/10/16,Hispanic,3948
Martin,Anthony,Russo,1/23/44,White,3949
Gus,,Savage,10/30/25,African American,3950
James,Haas,Scheuer,2/6/20,White,3951
Richard,Taylor,Schulze,8/7/29,White,3952
John,,Seymour,12/3/37,White,4115
Gerald,Edward,Sikorski,4/26/48,White,3953
Paul,Martin,Simon,11/29/28,White,3954
Alan,Kooi,Simpson,9/2/31,White,4116
Daniel,French,Slaughter,5/20/25,White,3955
Lawrence,Jack,Smith,4/25/41,White,3956
Stephen,Joshua,Solarz,9/12/40,White,3957
Harley,Orrin,Staggers,2/22/51,White,3958
Richard,Howard,Stallings,10/7/40,White,3959
Robert,Mooneyhan,Tallon,8/8/46,White,3960
Robert,Lindsay,Thomas,11/20/43,White,3961
Jerome,Bob,Traxler,7/21/31,White,3962
Morris,King,Udall,6/15/22,White,3963
Guy,Adrian,Vander Jagt,8/26/31,White,3964
John,Vincent,Weber,7/24/52,White,3965
Theodore,S.,Weiss,9/17/27,White,3966
Harris,,Wofford,4/9/26,White,4117
Howard,Eliot,Wolpe,11/3/39,White,3967
Chalmers,Pangburn,Wylie,11/23/20,White,3968
Gus,,Yatron,10/16/27,White,3969
Jocelyn,Birch,Burdick,2/6/22,White,4118
Michael,Allen,Andrews,2/7/44,White,3970
Thomas,Hiram,Andrews,3/22/53,White,3971
Douglas,Earl,Applegate,3/27/28,White,3972
Leslie,,Aspin,7/21/38,White,3973
James,,Bacchus,6/21/49,White,3974
Peter,William,Barca,8/7/55,White,3975
Thomas,J.,Barlow,8/7/40,White,3976
Helen,Delich,Bentley,11/28/23,White,3977
James,Hubert,Bilbray,5/19/38,White,3978
Lucien,Edward,Blackwell,8/1/31,African American,3979
Jack,Bascom,Brooks,12/18/22,White,3980
Dale,,Bumpers,8/12/25,White,4119
Leslie,Larkin,Byrne,10/27/46,White,3981
Milton,Robert,Carr,3/27/43,White,3982
Samuel,G.,Coppersmith,5/22/55,White,3983
Alfonse,Marcello,D'Amato,8/1/37,White,4120
George,,Darden,11/22/43,White,3984
Butler,Carson,Derrick,9/30/36,White,3985
Robert,Joseph,Dole,7/22/23,White,3986
William,Donlon,Edwards,1/6/15,White,3987
Glenn,Lee,English,11/30/40,White,3988
Karan,,English,3/23/49,White,3989
Albert,Michael,Espy,11/30/53,African American,3990
Duncan,McLauchlin,Faircloth,1/14/28,White,4121
Eric,D.,Fingerhut,5/6/59,White,3991
Hamilton,,Fish,6/3/26,White,3992
Thomas,Stephen,Foley,3/6/29,White,3993
Wendell,Hampton,Ford,9/8/24,White,4122
William,David,Ford,8/6/27,White,3994
Dean,Anderson,Gallo,11/23/35,White,3995
John,Herschel,Glenn,7/18/21,White,4123
Daniel,Robert,Glickman,11/24/44,White,3996
Willis,David,Gradison,12/28/28,White,3997
Frederick,Lawrence,Grandy,6/29/48,White,3998
Daniel,,Hamburg,10/6/48,White,3999
Paul,B.,Henry,7/9/42,White,4000
Peter,D.,Hoagland,11/17/41,White,4001
George,Joseph,Hochbrueckner,9/20/38,White,4002
Michael,,Huffington,9/3/47,White,4003
William,John,Hughes,10/17/32,White,4004
Earl,Dewitt,Hutto,5/12/26,White,4005
Clete,Donald,Johnson,1/30/48,White,4006
Dirk,,Kempthorne,10/29/51,White,4124
Herbert,C.,Klein,6/24/30,White,4007
Michael,J.,Kopetski,10/27/49,White,4008
Myron,Bradford,Kreidler,9/28/43,White,4009
Robert,Charles,Krueger,9/19/35,White,4010
Larry,,LaRocco,8/25/46,White,4011
H.,Martin,Lancaster,3/24/43,White,4012
Richard,Henry,Lehman,7/20/48,White,4013
David,A.,Levy,12/18/53,White,4014
Thomas,F.,Lewis,10/26/24,White,4015
Marilyn,Laird,Lloyd,1/3/29,White,4016
Jill,Lynette,Long Thompson,7/15/52,White,4017
Ronald,K.,Machtley,7/13/48,White,4018
David,Scott,Mann,9/25/39,White,4019
Marjorie,,Margolies-Mezvinsky,6/21/42,White,4020
Harlan,,Mathews,1/17/27,White,4125
Romano,Louis,Mazzoli,11/2/32,White,4021
Alfred,A.,McCandless,7/23/27,White,4022
Francis,Xavier,McCloskey,6/12/39,White,4023
David,Keith,McCurdy,3/30/50,White,4024
John,Alexander ,McMillan,5/9/32,White,4025
Robert,Henry,Michel,3/2/23,White,4026
Carol,,Moseley Braun,8/16/47,African American,4126
Austin,John,Murphy,6/17/27,White,4027
William,Huston,Natcher,9/11/09,White,4028
Stephen,Lybrook,Neal,11/7/34,White,4029
Robert,William,Packwood,9/11/32,White,4127
Leon,Edward,Panetta,6/28/38,White,4030
Timothy,Joseph,Penny,11/19/51,White,4031
James,Jarrell,Pickle,10/11/13,White,4032
Arthur,,Ravenel,3/29/27,White,4033
Thomas,Joseph,Ridge,8/26/45,White,4034
Daniel,David,Rostenkowski,1/2/28,White,4035
James,Roy,Rowland,2/3/26,White,4036
George,Edward,Sangmeister,2/16/31,White,4037
William,,Sarpalius,1/10/48,White,4038
Lynn,,Schenk,1/5/45,White,4039
Philip,Riley,Sharp,7/15/42,White,4040
Karen,,Shepherd,7/5/40,White,4041
James,Charles,Slattery,8/4/48,White,4042
Neal,Edward,Smith,3/23/20,White,4043
Donald,Kenneth,Sundquist,3/15/36,White,4044
Richard,,Swett,5/1/57,White,4045
Allan,Byron,Swift,9/12/35,White,4046
Michael,Lynn,Synar,10/17/50,White,4047
Jolene,,Unsoeld,12/3/31,White,4048
Itimous,Thaddeus,Valentine,3/15/26,White,4049
Craig,Anthony,Washington,10/12/41,African American,4050
Alan,Dupree,Wheat,10/16/51,African American,4051
Jamie,Lloyd,Whitten,4/18/10,White,4052
Ron,,de Lugo,8/2/30,White,4053
Spencer,,Abraham,6/12/52,White,4128
John,,Ashcroft,5/9/42,White,4129
William,P.,Baker,6/14/40,White,4054
Anthony,Charles,Beilenson,10/26/32,White,4055
Tom,,Bevill,3/27/21,White,4056
Peter,I.,Blute,1/28/56,White,4057
William,K.,Brewster,11/8/41,White,4058
John,Glen,Browder,1/15/43,White,4059
Richard,H.,Bryan,7/16/37,White,4130
John,Wiley,Bryant,2/22/47,White,4060
Jim,,Bunn,12/12/56,White,4061
John,Hubbard,Chafee,10/22/22,White,4131
Jim,,Chapman,3/8/45,White,4062
Dick,,Chrysler,4/29/42,White,4063
William,Floyd,Clinger,4/4/29,White,4064
Ronald,D'Emory,Coleman,11/29/41,White,4065
Barbara-Rose,,Collins,4/13/39,African American,4066
Cardiss,,Collins,9/24/31,African American,4067
Wes,,Cooley,3/28/32,White,4068
Frank,,Cremeans,4/5/43,White,4069
Robert,Kenneth,Dornan,4/3/33,White,4070
Norvell,William,Emerson,1/1/38,White,4071
Cleo,,Fields,11/22/62,African American,4072
Jack,Milton,Fields,2/3/52,White,4073
Michael,P.,Flanagan,11/9/62,White,4074
Harold,Eugene,Ford,5/20/45,African American,4075
Gary,A.,Franks,2/9/53,African American,4076
Victor,O.,Frazer,5/24/43,African American,4077
Dan,,Frisa,4/27/55,White,4078
David,,Funderburk,4/28/44,White,4079
Preston,M.,Geren,1/29/52,White,4080
Sam,Melville,Gibbons,1/20/20,White,4081
T.,Slade,Gorton,1/8/28,White,4132
Rod,,Grams,2/4/48,White,4082
Steven,Craig,Gunderson,5/10/51,White,4083
Melton,D.,Hancock,9/14/29,White,4084
James,Allison,Hayes,12/21/46,White,4085
Fred,,Heineman,12/28/29,White,4086
Martin,R.,Hoke,5/18/52,White,4087
Andrew,,Jacobs,2/24/32,White,4088
Harry,A.,Johnston,12/2/31,White,4089
J.,Robert,Kerrey,8/27/43,White,4133
Gregory,H.,Laughlin,1/21/42,White,4090
James,Ross,Lightfoot,9/27/38,White,4091
James,,Longley,7/7/51,White,4092
Connie,,Mack,10/29/40,White,3647
William,J.,Martini,2/10/47,White,4094
Jan,,Meyers,7/20/28,White,4095
Norman,Yoshio,Mineta,11/12/31,Asian,4096
Gillespie,V.,Montgomery,8/5/20,White,4097
Carlos,John,Moorhead,5/6/22,White,4098
Daniel,Patrick,Moynihan,3/16/27,White,4134
John,Thomas,Myers,2/8/27,White,4099
William,,Orton,9/22/48,White,4100
Lewis,Franklin,Payne,7/9/45,White,4101
Douglas,Brian,Peterson,6/26/35,White,4102
James,Henry,Quillen,1/11/16,White,4103
Mel,,Reynolds,1/8/52,African American,4104
Charles,S.,Robb,6/26/39,White,4135
Charles,Grandison,Rose,8/10/39,White,4105
Toby,A.,Roth,10/10/38,White,4106
William,V.,Roth,7/22/21,White,4107
Patricia,Scott,Schroeder,7/30/40,White,4108
Andrea,,Seastrand,8/5/41,White,4109
Gerry,Eastman,Studds,5/12/37,White,4110
Randy,J.,Tate,11/23/65,White,4111
Raymond,Hoyt,Thornton,7/16/28,White,4112
Peter,Gerard,Torkildsen,1/28/58,White,4113
Walter,R.,Tucker,5/28/57,African American,4114
Harold,Lee,Volkmer,4/4/31,White,4115
Barbara,Farrell,Vucanovich,6/22/21,White,4116
Enid,,Greene Waldholtz,6/5/58,White,4117
Robert,Smith,Walker,12/23/42,White,4118
Michael,Delavan,Ward,1/7/51,White,4119
John,Patrick,Williams,10/30/37,White,4120
Charles,,Wilson,6/1/33,White,4121
William,H.,Zeliff,6/12/36,White,4122
Richard,,Zimmer,8/16/44,White,4123
Eligio,II,de la Garza,9/22/27,Hispanic,4124
Sheila,,Frahm,3/22/45,White,4136
Henry,Scott,Baesler,7/9/41,White,4125
Sonny,,Bono,2/16/35,White,4126
Walter,Holden,Capps,5/5/34,White,4127
Jon,Lynn,Christensen,2/20/63,White,4128
J.,Maxwell,Cleland,8/24/42,White,4137
Ronald,Vernie,Dellums,11/24/35,African American,4129
Harris,W.,Fawell,3/25/29,White,4130
Victor,Herbert,Fazio,10/11/42,White,4131
Floyd,Harold,Flake,1/30/45,African American,4132
Thomas,Michael,Foglietta,12/3/28,White,4133
Jon,D.,Fox,4/22/47,White,4134
Elizabeth,,Furse,10/13/36,White,4135
Newton,Leroy,Gingrich,6/17/43,White,4136
Henry,Barbosa,Gonzalez,5/3/16,Hispanic,4137
Phil,,Gramm,7/8/42,White,4138
Lee,Herbert,Hamilton,4/20/31,White,4139
Willie,Gathrel,Hefner,4/11/30,White,4140
Jesse,,Helms,10/18/21,White,4138
Tim,,Hutchinson,8/11/49,White,4141
Jay,W.,Johnson,9/30/43,White,4142
Joseph,Patrick,Kennedy,9/24/52,White,4143
Barbara,Bailey,Kennelly,7/10/36,White,4144
Jay,,Kim,3/27/39,Asian,4145
Scott,L.,Klug,1/16/53,White,4146
Thomas,J.,Manton,11/3/32,White,4147
Joseph,Michael,McDade,9/29/31,White,4148
Paul,F.,McHale,7/26/50,White,4149
Susan,,Molinari,3/27/58,White,4150
Mark,W.,Neumann,2/27/54,White,4151
Michael,James,Pappas,12/29/60,White,4152
Michael,,Parker,10/31/49,White,4153
L.,William,Paxon,4/29/54,White,4154
Glenn,,Poshard,10/30/45,White,4155
William,Thomas,Redmond,1/28/55,White,4156
William,Blaine,Richardson,11/15/47,White,4157
Frank,D.,Riggs,9/5/50,White,4158
Carlos,,Romero-Barceló,9/4/32,Hispanic,4159
Daniel,,Schaefer,1/25/36,White,4160
Steven,Harvey,Schiff,3/18/47,White,4161
David,Evans,Skaggs,2/22/43,White,4162
Robert,,Smith,3/30/41,White,4163
Linda,,Smith,7/16/50,White,4164
Robert,Freeman,Smith,6/16/31,White,4165
Vincent,K.,Snowbarger,9/16/49,White,4166
Gerald,Brooks Hunt,Solomon,8/14/30,White,4167
Louis,,Stokes,2/23/25,African American,4168
Frank,Mariano,Tejeda,10/2/45,Hispanic,4169
Fred,,Thompson,8/19/42,White,4139
J.,Strom,Thurmond,12/5/02,White,4140
Esteban,Edward,Torres,1/27/30,Hispanic,4170
Robert,,Torricelli,8/27/51,White,4171
Paul,David,Wellstone,7/21/44,White,4141
Richard,Alan,White,11/6/53,White,4172
Sidney,Richard,Yates,8/27/09,White,4173
Bill,,Archer,3/22/28,White,4174
Bill,,Barrett,2/9/29,White,4175
Herbert,H.,Bateman,8/7/28,White,4176
Tom,,Bliley,1/28/32,White,4177
John,B.,Breaux,3/1/44,White,4178
George,E.,Brown,3/6/20,White,4179
Ben,Nighthorse,Campbell,4/13/33,Two or More Races,4180
Tom,,Campbell,8/14/52,White,4181
Charles,T.,Canady,6/22/54,White,4182
Helen,,Chenoweth-Hage,1/27/38,White,4183
William,Lacy,Clay,4/30/31,African American,4184
Merrill,,Cook,5/6/46,White,4185
Paul,D.,Coverdell,1/20/39,White,4142
Pat,,Danner,1/13/34,White,4186
Thomas,A.,Daschle,12/9/47,White,4187
Jay,,Dickey,12/14/39,White,4188
Julian,C.,Dixon,8/8/34,African American,4189
John,Reid,Edwards,6/10/53,White,4143
Thomas,W.,Ewing,9/19/35,White,4190
Peter,G.,Fitzgerald,10/20/60,White,4144
Michael,P.,Forbes,7/16/52,White,4191
Tillie,K.,Fowler,12/23/42,White,4192
Bob,,Franks,9/21/51,White,4193
Sam,,Gejdenson,5/20/48,White,4194
William,F.,Goodling,12/5/27,White,4195
Bob,,Graham,11/9/36,White,4145
Rick,,Hill,12/30/46,White,4196
Ernest,F.,Hollings,1/1/22,White,4146
John,R.,Kasich,5/13/52,White,4197
Ron,,Klink,9/23/51,White,4198
Steven,T.,Kuykendall,1/27/47,White,4199
Rick,A.,Lazio,3/13/58,White,4200
Robert,Linligthgow,Livingston,4/30/43,White,4201
Matthew,G.,Martinez,2/14/29,Hispanic,4202
Bill,,McCollum,7/12/44,White,4203
David,M.,McIntosh,6/8/58,White,4204
Jack,,Metcalf,11/30/27,White,4205
David,,Minge,3/19/42,White,4206
Frank,H.,Murkowski,3/28/33,White,4147
Don,,Nickles,12/6/48,White,4148
Ron,,Packard,1/19/31,White,4207
Edward,A.,Pease,5/22/51,White,4208
Owen,B.,Pickett,8/31/30,White,4209
John,Edward,Porter,6/1/35,White,4210
James,E.,Rogan,8/21/57,White,4211
Bruce,F.,Vento,10/7/40,White,4212
Robert,A.,Weygand,5/10/48,White,4213
Robert,E.,Wise,1/6/48,White,4214
Zell,Bryan,Miller,2/24/32,White,4149
George,Felix,Allen,3/8/52,White,4215
Richard,K.,Armey,7/7/40,White,4216
John,,Baldacci,1/30/55,White,4217
James,A.,Barcia,2/25/52,White,4218
Bob,,Barr,11/5/48,White,4219
Thomas,M.,Barrett,12/8/53,White,4220
Ken,,Bentsen,6/3/59,White,4221
Rod,,Blagojevich,12/10/56,White,4222
David,E.,Bonior,6/6/45,White,4223
Robert,A.,Borski,10/20/48,White,4224
Ed,,Bryant,9/7/48,White,4225
Conrad,,Burns,1/25/35,White,4150
H.,L.,Callahan,9/11/32,White,4226
Jean,,Carnahan,12/20/33,White,4151
Lincoln,D.,Chafee,3/26/53,White,4152
Eva,,Clayton,9/16/34,African American,4227
Robert,,Clement,9/23/43,White,4228
Gary,,Condit,4/21/48,White,4229
John,,Cooksey,8/20/41,White,4230
Jon,Stevens,Corzine,1/1/47,White,4153
William,J.,Coyne,8/24/36,White,4231
Mark,,Dayton,1/26/47,White,4154
Michael,,DeWine,1/5/47,White,4232
Robert,L.,Ehrlich,11/25/57,White,4233
William,H.,Frist,2/22/52,White,4155
Greg,,Ganske,3/31/49,White,4234
George,W.,Gekas,4/14/30,White,4235
Benjamin,,Gilman,12/6/22,White,4236
Felix,,Grucci,11/25/51,White,4237
Tony,P.,Hall,1/16/42,White,4238
James,V.,Hansen,8/14/32,White,4239
Van,,Hilleary,6/20/59,White,4240
Earl,F.,Hilliard,4/9/42,African American,4241
Stephen,,Horn,5/31/31,White,4242
Asa,,Hutchinson,12/3/50,White,4243
James,M.,Jeffords,5/11/34,White,4244
Brian,,Kerns,5/22/57,White,4245
John,J.,LaFalce,10/6/39,White,4246
Steve,,Largent,9/28/54,White,4247
William,,Luther,6/27/45,White,4248
James,,Maloney,9/17/48,White,4249
Frank,,Mascara,1/19/30,White,4250
Carrie,,Meek,4/29/26,African American,4251
Dan,,Miller,5/30/42,White,4252
Patsy,Takemoto,Mink,12/6/27,Asian,4253
John,Joseph,Moakley,4/27/27,White,4254
Constance,,Morella,2/12/31,White,4255
David,,Phelps,10/26/47,White,4256
Bob,,Riley,10/3/44,White,4257
Lynn,,Rivers,12/19/56,White,4258
Timothy,,Roemer,10/30/56,White,4259
Marge,,Roukema,9/19/29,White,4260
Richard,J.,Santorum,5/10/58,White,4261
Paul,S.,Sarbanes,2/3/33,White,4262
Thomas,C.,Sawyer,8/15/45,White,4263
Joe,,Scarborough,4/9/63,White,4264
Bob,,Schaffer,7/24/62,White,4265
Ronnie,,Shows,1/26/47,White,4266
Elmer,Greinert,Shuster,1/23/32,White,4267
Norman,,Sisisky,6/9/27,White,4268
Joseph,,Skeen,6/30/27,White,4269
Floyd,,Spence,4/9/28,White,4270
Robert,,Stump,4/4/27,White,4271
Karen,,Thurman,1/12/51,White,4272
James,A.,Traficant,5/8/41,White,4273
Robert,A.,Underwood,7/13/48,Pacific Islander,4274
Wes,,Watkins,12/15/38,White,4275
J.C.,,Watts,11/18/57,African American,4276
Dean,,Barkley,8/31/50,White,4156
James,M.,Talent,10/18/56,White,4277
An√≠bal,,Acevedo-Vilá,2/13/62,Hispanic,4278
Wayne,A.,Allard,12/2/43,White,4279
Frank,W.,Ballance,2/15/42,African American,4280
Cass,,Ballenger,12/6/26,White,4281
Chris,,Bell,11/23/59,White,4282
Douglas,K.,Bereuter,10/6/39,White,4283
Max,,Burns,11/8/48,White,4284
Brad,,Carson,3/11/67,White,4285
Norm,,Coleman,8/17/49,White,4157
Michael,Allen,Collins,10/15/44,White,4286
Larry,,Combest,3/20/45,White,4287
Larry,E.,Craig,7/20/45,White,4288
Philip,M.,Crane,11/3/30,White,4289
Peter,,Deutsch,4/1/57,White,4290
Elizabeth,H.,Dole,7/29/36,White,4158
Pete,V.,Domenici,5/7/32,White,4159
Calvin,M.,Dooley,1/11/54,White,4291
Jennifer,B.,Dunn,7/29/41,White,4292
Ernest,Lee,Fletcher,11/12/52,White,4293
Jonas,,Frost,1/1/42,White,4294
Richard,Andrew,Gephardt,1/31/41,White,4295
Porter,J.,Goss,11/26/38,White,4296
James,C.,Greenwood,5/4/51,White,4297
Charles,T.,Hagel,10/4/46,White,4160
Joseph,M.,Hoeffel,9/3/50,White,4298
Amory,,Houghton,8/7/26,White,4299
William,J.,Janklow,9/13/39,White,4300
Christopher,,John,1/5/60,White,4301
Gerald,D.,Kleczka,11/26/43,White,4302
William,O.,Lipinski,12/22/37,White,4303
Kenneth,R.,Lucas,8/22/33,White,4304
Denise,,Majette,5/18/55,African American,4305
Robert,T.,Matsui,9/17/41,Asian,4306
Karen,,McCarthy,3/18/47,White,4307
Scott,,McInnis,5/9/53,White,4308
George,R.,Nethercutt,10/7/44,White,4309
Doug,,Ose,6/27/55,White,4310
Jack,,Quinn,4/13/51,White,4311
Max,A.,Sandlin,9/29/52,White,4312
Edward,L.,Schrock,4/6/41,White,4313
Gordon,Harold,Smith,5/25/52,White,4161
Nick,,Smith,11/5/34,White,4314
Charles,W.,Stenholm,10/26/38,White,4315
Ted,F.,Stevens,11/18/23,White,4162
John,E.,Sununu,9/10/64,White,4316
William,J.,Tauzin,6/14/43,White,4317
James,,Turner,2/6/46,White,4318
John,W.,Warner,2/18/27,White,4163
Evan,,Bayh,12/26/55,White,4164
Bob,,Beauprez,9/22/48,White,4319
Robert,F.,Bennett,9/18/33,White,4165
Michael,,Bilirakis,7/16/30,White,4320
Sherwood,L.,Boehlert,9/28/36,White,4321
Christopher,S.,Bond,3/6/39,White,4166
Henry,,Bonilla,1/2/54,Hispanic,4322
Jeb,E.,Bradley,10/20/52,White,4323
Samuel,D.,Brownback,9/12/56,White,4324
Jim,,Bunning,10/23/31,White,4325
Chris,,Chocola,2/24/62,White,4326
C.,Christopher,Cox,10/16/52,White,4327
Randall,H.,Cunningham,12/8/41,White,4328
James,,Davis,10/11/57,White,4329
Thomas,Dale,DeLay,4/8/47,White,4330
Christopher,J.,Dodd,5/27/44,White,4331
Byron,L.,Dorgan,5/14/42,White,4332
Lane,A.,Evans,8/4/51,White,4333
Russell,D.,Feingold,3/2/53,White,4167
Mark,Adam,Foley,9/8/54,White,4334
Harold,E.,Ford,5/11/70,African American,4335
James,A.,Gibbons,12/16/44,White,4336
Mark,A.,Green,6/1/60,White,4337
Judd,A.,Gregg,2/14/47,White,4338
Gilbert,W.,Gutknecht,3/20/51,White,4339
Katherine,,Harris,4/5/57,White,4340
Melissa,A.,Hart,4/4/62,White,4341
John,D.,Hayworth,7/12/58,White,4342
Joel,,Hefley,4/18/35,White,4343
John,Nathan,Hostettler,6/19/61,White,4344
Henry,John,Hyde,4/18/24,White,4345
Ernest,J.,Istook,2/11/50,White,4346
William,Lewis,Jenkins,11/29/36,White,4347
Nancy,Lee,Johnson,1/5/35,White,4348
Sue,W.,Kelly,9/26/36,White,4349
Mark,R.,Kennedy,4/11/57,White,4350
James,T.,Kolbe,6/28/42,White,4351
James,A.,Leach,10/15/42,White,4352
Blanche,Lambert,Lincoln,9/30/60,White,4353
Mel,,Martinez,10/23/46,Hispanic,4168
Cynthia,,McKinney,3/17/55,African American,4354
Robert,William,Ney,7/5/54,White,4355
Anne,Meagher,Northup,1/22/48,White,4356
James,Allen,Nussle,6/27/60,White,4357
Thomas,William,Osborne,2/23/37,White,4358
C.L.,,Otter,5/3/42,White,4359
Major,R.,Owens,6/28/36,African American,4360
Michael,G.,Oxley,2/11/44,White,4361
Richard,W.,Pombo,1/8/61,White,4362
Jim,R.,Ryun,4/29/47,White,4363
Martin,Olav,Sabo,2/28/38,White,4364
Ken,,Salazar,3/2/55,Hispanic,4169
John,J.H.,Schwarz,11/15/37,White,4365
E.,Clay,Shaw,4/19/39,White,4366
Donald,L.,Sherwood,3/5/41,White,4367
Robert,Ruhl,Simmons,2/11/43,White,4368
Michael,E.,Sodrel,12/17/45,White,4369
Arlen,,Specter,2/12/30,White,4170
Ted,,Strickland,8/4/41,White,4370
John,E.,Sweeney,8/9/55,White,4371
Charles,H.,Taylor,1/23/41,White,4372
William,M.,Thomas,12/6/41,White,4373
George,V.,Voinovich,7/15/36,White,4171
W.,Curtis,Weldon,7/22/47,White,4374
Shelley,,Sekula-Gibbs,6/22/53,White,4375
Thomas,H.,Allen,4/16/45,White,4376
Richard,Hugh,Baker,5/22/48,White,4377
Nancy,E.,Boyda,8/2/55,White,4378
Robert,C.,Byrd,11/20/17,White,4379
Christopher,B.,Cannon,10/20/50,White,4380
Julia,M.,Carson,7/8/38,African American,4381
Hillary,Rodham,Clinton,10/26/47,White,4172
Robert,E.,Cramer,8/22/47,White,4382
Barbara,L.,Cubin,11/30/46,White,4383
David,,Davis,11/6/59,White,4384
Jo Ann,S.,Davis,6/29/50,White,4385
Thomas,M.,Davis,1/5/49,White,4386
John,T.,Doolittle,10/30/50,White,4387
Thelma,D.,Drake,11/20/49,White,4388
Rahm,,Emanuel,11/29/59,White,4389
Philip,,English,6/20/56,White,4390
John,Eric,Ensign,3/25/58,White,4391
Terry,,Everett,2/15/37,White,4392
Tom,C.,Feeney,5/21/58,White,4393
Michael,,Ferguson,6/22/70,White,4394
Luis,G.,Fortuño,10/31/60,Hispanic,4395
Vito,J.,Fossella,3/9/65,White,4396
Wayne,T.,Gilchrest,4/15/46,White,4397
Paul,E.,Gillmor,2/1/39,White,4398
Virgil,H.,Goode,10/17/46,White,4399
J.,Dennis,Hastert,1/2/42,White,4400
Robin,C.,Hayes,8/14/45,White,4401
David,Lee,Hobson,10/17/36,White,4402
Darlene,,Hooley,4/4/39,White,4403
Kenny,C.,Hulshof,5/22/58,White,4404
Duncan,L.,Hunter,5/31/48,White,4405
William,J.,Jefferson,3/14/47,African American,4406
Bobby,,Jindal,6/10/71,Two or More Races,4407
Stephanie,Tubbs,Jones,9/10/49,African American,4408
Ric,,Keller,9/5/64,White,4409
Edward,M.,Kennedy,2/22/32,White,4173
Joseph,K.,Knollenberg,11/28/33,White,4410
John,R.,Kuhl,4/19/43,White,4411
Ray,H.,LaHood,12/6/45,White,4412
Nicholas,V.,Lampson,2/14/45,White,4413
Tom,,Lantos,2/1/28,White,4414
Ron,,Lewis,9/14/46,White,4415
Trent,,Lott,10/9/41,White,4416
Tim,,Mahoney,8/15/56,White,4417
James,O.,McCrery,9/18/49,White,4418
Michael,R.,McNulty,9/16/47,White,4419
Martin,T.,Meehan,12/30/56,White,4420
Juanita,,Millender-McDonald,9/7/38,African American,4421
Marilyn,N.,Musgrave,1/27/49,White,4422
Charles,W.,Norwood,7/27/41,White,4423
John,E.,Peterson,12/25/38,White,4424
Charles,W.,Pickering,8/10/63,White,4425
Jon,Christopher,Porter,5/16/55,White,4426
Deborah,D.,Pryce,7/29/51,White,4427
James,M.,Ramstad,5/6/46,White,4428
Ralph,,Regula,12/3/24,White,4429
Rick,,Renzi,6/11/58,White,4430
Thomas,M.,Reynolds,9/3/50,White,4431
Bill,,Sali,2/17/54,White,4432
H.,James,Saxton,1/22/43,White,4433
Christopher,H.,Shays,10/18/45,White,4434
Thomas,G.,Tancredo,12/20/45,White,4435
Craig,,Thomas,2/17/33,White,4436
James,T.,Walsh,6/19/47,White,4437
David,J.,Weldon,8/31/53,White,4438
Gerald,C.,Weller,7/7/57,White,4439
Heather,A.,Wilson,12/30/60,White,4440
Albert,Russell,Wynn,9/10/51,African American,4441
Donald,J.,Cazayoux,1/17/64,White,4442
Neil,,Abercrombie,6/26/38,White,4443
John,H.,Adler,8/23/59,White,4444
Michael,A.,Arcuri,6/11/59,White,4445
Brian,N.,Baird,3/7/56,White,4446
James,Gresham,Barrett,2/14/61,White,4447
Melissa,L.,Bean,1/22/62,White,4448
Robert,Marion,Berry,8/27/42,White,4449
Joseph,R.,Biden,11/20/42,White,4174
John,A.,Boccieri,10/5/69,White,4450
Frederick,C.,Boucher,8/1/46,White,4451
Allen,,Boyd,6/6/45,White,4452
Bobby,,Bright,7/21/52,White,4453
Henry,E.,Brown,12/20/35,White,4454
Virginia,,Brown-Waite,10/5/43,White,4455
Stephen,E.,Buyer,11/26/58,White,4456
Anh,,Cao,3/13/67,Asian,4457
Christopher,P.,Carney,3/2/59,White,4458
Michael,N.,Castle,7/2/39,White,4459
Travis,W.,Childers,3/29/58,White,4460
Kathleen,A.,Dahlkemper,12/10/57,White,4461
Artur,,Davis,10/9/67,African American,4462
Lincoln,,Davis,9/13/43,White,4463
Nathan,,Deal,8/25/42,White,4464
William,D.,Delahunt,7/18/41,White,4465
Lincoln,,Diaz-Balart,8/13/54,Hispanic,4466
Steve,,Driehaus,6/24/66,White,4467
Thomas,,Edwards,11/24/51,White,4468
Vernon,J.,Ehlers,2/6/34,White,4469
Brad,,Ellsworth,9/11/58,White,4470
Bob,R.,Etheridge,8/7/41,White,4471
Mary,,Fallin,12/9/54,White,4472
Barton,Jennings,Gordon,1/24/49,White,4473
Parker,,Griffith,8/6/42,White,4474
John,J.,Hall,7/23/48,White,4475
Deborah,L.,Halvorson,3/1/58,White,4476
Phil,,Hare,2/21/49,White,4477
Stephanie,,Herseth Sandlin,12/3/70,White,4478
Baron,P.,Hill,6/23/53,White,4479
Paul,W.,Hodes,3/21/51,White,4480
Peter,,Hoekstra,10/30/53,White,4481
Bob,,Inglis,10/11/59,White,4482
Steve,,Kagen,12/12/49,White,4483
Paul,E.,Kanjorski,4/2/37,White,4484
Patrick,Joseph,Kennedy,7/14/67,White,4485
Carolyn,Cheeks,Kilpatrick,6/25/45,African American,4486
Mary Jo,,Kilroy,4/30/49,White,4487
Ron,,Klein,7/10/57,White,4488
Suzanne,M.,Kosmas,2/25/44,White,4489
Frank,,Kratovil,5/29/68,White,4490
John,,Linder,9/9/42,White,4491
Betsy,,Markey,4/27/56,White,4492
James,,Marshall,3/31/48,White,4493
Eric,J. J.,Massa,9/16/59,White,4494
John,M.,McHugh,9/29/48,White,4495
Michael,E.,McMahon,9/12/57,White,4496
Kendrick,Brett,Meek,9/6/66,African American,4497
Charles,J.,Melancon,10/3/47,White,4498
Walter,,Minnick,9/20/42,White,4499
Harry,E.,Mitchell,7/18/40,White,4500
Alan,B.,Mollohan,5/14/43,White,4501
Dennis,,Moore,11/8/45,White,4502
Patrick,J.,Murphy,10/19/73,White,4503
John,P.,Murtha,6/17/32,White,4504
Glenn,C.,Nye,9/9/74,White,4505
James,L.,Oberstar,9/10/34,White,4506
David,Ross,Obey,10/3/38,White,4507
Solomon,P.,Ortiz,6/3/37,Hispanic,4508
Thomas,S. P.,Perriello,10/9/74,White,4509
Earl,Ralph,Pomeroy,9/2/52,White,4510
Adam,H.,Putnam,7/31/74,White,4511
George,P.,Radanovich,6/20/55,White,4512
Ciro,D.,Rodriguez,12/9/46,Hispanic,4513
John,Tony,Salazar,7/21/53,Hispanic,4514
Mark,H.,Schauer,10/2/61,White,4515
Joe,,Sestak,12/12/51,White,4516
John,B.,Shadegg,10/22/49,White,4517
Ike,,Skelton,12/20/31,White,4518
Victor,F.,Snyder,9/27/47,White,4519
Hilda,L.,Solis,10/20/57,Hispanic,4520
Mark,Edward,Souder,7/18/50,White,4521
Zachary,T.,Space,1/27/61,White,4522
John,McKee,Spratt,11/1/42,White,4523
Bart,T.,Stupak,2/29/52,White,4524
John,S.,Tanner,9/22/44,White,4525
Ellen,O.,Tauscher,11/15/51,White,4526
Gene,,Taylor,9/17/53,White,3889
Harry,,Teague,6/29/49,White,4528
Todd,,Tiahrt,6/15/51,White,4529
Zach,,Wamp,10/28/57,White,4530
Diane,E.,Watson,11/12/33,African American,4531
Robert,,Wexler,1/2/61,White,4532
Charles,A.,Wilson,1/18/43,White,4533
Roland,,Burris,8/3/37,African American,4175
Edward,E.,Kaufman,3/15/39,White,4176
Scott,,Murphy,1/26/70,White,4534
George,S.,LeMieux,5/21/69,White,4177
Paul,G.,Kirk,1/18/38,White,4178
Charles,,Djou,8/9/70,Asian,4535
Carte,P.,Goodwin,2/27/74,White,4179
Dennis,A.,Cardoza,3/31/59,White,4536
Geoff,,Davis,10/26/58,White,4537
Gabrielle,,Giffords,6/8/70,White,4538
Jane,,Harman,6/28/45,White,4539
Jay,,Inslee,2/9/51,White,4540
Christopher,John,Lee,4/1/64,White,4541
Thaddeus,G.,McCotter,8/22/65,White,4542
Donald,M.,Payne,7/16/34,African American,4543
Anthony,David,Weiner,9/4/64,White,4544
David,,Wu,4/8/55,Asian,4545
Jesse,Louis,Jackson,3/11/65,African American,4546
Bob,,Filner,9/4/42,White,4547
W.,,Obama,8/4/61,Two or More Races,4180
Daniel,K.,Inouye,9/7/24,Asian,4548
Daniel,Kahikina,Akaka,9/11/24,Asian,4549
Jeff,,Bingaman,10/3/43,White,4181
Kent,Kent,Conrad,3/12/48,White,4182
Kay,Bailey,Hutchison,7/22/43,White,4183
Herbert,H.,Kohl,2/7/35,White,4184
Joseph,I.,Lieberman,2/24/42,White,4185
Richard,G.,Lugar,4/4/32,White,4186
Ben,E.,Nelson,5/17/41,White,4187
Olympia,J.,Snowe,2/21/47,White,4550
Jim,,Webb,2/9/46,White,4188
Scott,,Brown,9/12/59,White,4189
Gary,L.,Ackerman,11/19/42,White,4551
Sandy,,Adams,12/14/56,White,4552
W.,Todd,Akin,7/5/47,White,4553
Jason,,Altmire,3/7/68,White,4554
Steve,,Austria,10/12/58,White,4555
Joe,,Baca,1/23/47,Hispanic,4556
Roscoe,G.,Bartlett,6/3/26,White,4557
Charles,F.,Bass,1/8/52,White,4558
Rick,,Berg,8/16/59,White,4559
Shelley,,Berkley,1/20/51,White,4560
Howard,L.,Berman,4/15/41,White,4561
Judy,,Biggert,8/15/37,White,4562
Brian,P.,Bilbray,1/28/51,White,4563
Mary,Whitaker,Bono Mack,10/24/61,White,4564
Dan,,Boren,8/2/73,White,4565
Leonard,L.,Boswell,1/10/34,White,4566
Ann Marie,,Buerkle,5/8/51,White,4567
Dan,L.,Burton,6/21/38,White,4568
Francisco,,Canseco,7/30/49,Hispanic,4569
Russ,,Carnahan,7/10/58,White,4570
Ben,,Chandler,9/12/59,White,4571
Hansen,,Clarke,3/2/57,Two or More Races,4572
Jerry,F.,Costello,9/25/49,White,4573
Chip,,Cravaack,12/29/59,White,4574
Mark,S.,Critz,1/5/62,White,4575
Norman,D.,Dicks,12/16/40,White,4576
David,T.,Dreier,7/5/52,White,4577
Barney,,Frank,3/31/40,White,4578
Elton,W.,Gallegly,3/7/44,White,4579
Charles,A.,Gonzalez,5/5/45,Hispanic,4580
Nan,,Hayworth,12/14/59,White,4581
Walter,,Herger,5/20/45,White,4582
Maurice,D.,Hinchey,10/27/38,White,4583
Tim,,Holden,3/5/57,White,4584
Timothy,V.,Johnson,7/23/46,White,4585
Dale,E.,Kildee,9/16/29,White,4586
Larry,,Kissell,1/31/51,White,4587
Dennis,J.,Kucinich,10/8/46,White,4588
Steven,C.,LaTourette,7/22/54,White,4589
Jeff,M.,Landry,12/23/70,White,4590
Jerry,,Lewis,10/21/34,White,4591
Daniel,E.,Lungren,9/22/46,White,4592
Connie,,Mack,8/12/67,White,3647
Donald,A.,Manzullo,3/24/44,White,4594
R.,Bradley,Miller,5/19/53,White,4595
Sue,W.,Myrick,8/1/41,White,4596
John,W.,Olver,9/3/36,White,4597
Ronald,E.,Paul,8/20/35,White,4598
Mike,,Pence,6/7/59,White,4599
Todd,R.,Platts,3/5/62,White,4600
Ben,,Quayle,11/3/76,White,4601
Dennis,,Rehberg,10/5/55,White,4602
Silvestre,,Reyes,11/10/44,Hispanic,4603
Laura,,Richardson,4/14/62,Two or More Races,4604
David,,Rivera,9/16/65,Hispanic,4605
Mike,,Ross,8/2/61,White,4606
Steven,R.,Rothman,10/14/52,White,4607
Robert,T.,Schilling,1/23/64,White,4608
Jean,,Schmidt,11/29/51,White,4609
Heath,,Shuler,12/31/71,White,4610
Fortney,H.,Stark,11/11/31,White,4611
Clifford,B.,Stearns,4/16/41,White,4612
John,A.,Sullivan,1/1/65,White,4613
Betty,,Sutton,7/31/63,White,4614
Edolphus,,Towns,7/21/34,African American,4615
Joe,,Walsh,12/27/61,White,4616
Allen,,West,2/7/61,African American,4617
Lynn,C.,Woolsey,11/3/37,White,4618
Kathleen,C.,Hochul,8/27/58,White,4619
Robert,L.,Turner,5/2/41,White,4620
David,Alan,Curson,11/4/48,White,4621
Jim,W.,DeMint,9/2/51,White,4622
Jo Ann,H.,Emerson,9/16/50,White,4623
John,Forbes,Kerry,12/11/43,White,4190
Frank,R.,Lautenberg,1/23/24,White,4191
William,,Cowan,4/4/69,White,4192
Jo,,Bonner,11/19/59,White,4624
Rodney,M.,Alexander,12/5/46,White,4625
C.,W. Bill,Young,12/16/30,White,4626
Jeffrey,Scott,Chiesa,6/22/65,White,4193
Melvin,L.,Watt,8/26/45,African American,4627
Trey,,Radel,4/20/76,White,4628
Max,S.,Baucus,12/11/41,White,4629
Robert,E.,Andrews,8/4/57,White,4630
Eric,I.,Cantor,6/6/63,White,4631
Mark,,Begich,3/30/62,White,4194
Saxby,,Chambliss,11/10/43,White,4632
Kay,,Hagan,5/26/53,White,4195
Thomas,,Harkin,11/19/39,White,4633
Tim,P.,Johnson,12/28/46,White,4634
Mary,L.,Landrieu,11/23/55,White,4196
Carl,,Levin,6/28/34,White,4197
Mark,,Pryor,1/10/63,White,4198
John,D.,Rockefeller,6/18/37,White,4199
Mark,E.,Udall,7/18/50,White,4635
Michele,Marie,Bachmann,4/6/56,White,4636
Spencer,Thomas,Bachus,12/28/47,White,4637
John,,Barrow,10/31/55,White,4638
Timothy,H.,Bishop,6/1/50,White,4639
Bruce,L.,Braley,10/30/57,White,4640
Paul,C.,Broun,5/14/46,White,4641
Dave,Lee,Camp,7/9/53,White,4642
John,Bayard Taylor,Campbell,7/19/55,White,4643
Donna,M.,Christensen,9/19/45,African American,4644
Thomas,A.,Coburn,3/14/48,White,4645
John,D.,Dingell,7/8/26,White,4646
Eni,F. H.,Faleomavaega,8/15/43,Pacific Islander,4647
Jim,,Gerlach,2/25/55,White,4648
Phil,,Gingrey,7/10/42,White,4649
Tim,,Griffin,8/21/68,White,4650
Ralph,M.,Hall,5/3/23,White,4651
Doc,,Hastings,2/7/41,White,4652
Rush,D.,Holt,10/15/48,White,4653
Jack,,Kingston,4/24/55,White,4654
Tom,P.,Latham,7/14/48,White,4655
Jim,,Matheson,3/21/60,White,4656
Carolyn,,McCarthy,1/5/44,White,4657
Mike,,McIntyre,8/6/56,White,4658
Howard,P.,McKeon,9/9/38,White,4659
Michael,H.,Michaud,1/18/55,White,4660
Gary,G.,Miller,10/16/48,White,4661
George,,Miller,5/17/45,White,4662
James,P.,Moran,5/16/45,White,4663
William,L.,Owens,1/20/49,White,4664
Ed,,Pastor,6/28/43,Hispanic,4665
Thomas,E.,Petri,5/28/40,White,4666
Nick,J.,Rahall,5/20/49,White,4667
Mike,,Rogers,6/2/63,White,4668
Jon,,Runyan,11/27/73,White,4669
Allyson,Y.,Schwartz,10/3/48,White,4670
Steve,,Southerland,10/10/65,White,4671
Lee,R.,Terry,1/29/62,White,4672
John,F.,Tierney,9/18/51,White,4673
Henry,A.,Waxman,9/12/39,White,4674
Frank,R.,Wolf,1/30/39,White,4675
Ron,,Barber,8/25/45,White,4676
Steve,,Stockman,11/14/56,White,4677
Daniel,B.,Maffei,7/4/68,White,4678
Gloria,,Negrete McLeod,9/6/41,Hispanic,4679
Joe,,Garcia,10/19/63,Hispanic,4680
William,L.,Enyart,9/22/49,White,4681
Kerry,L.,Bentivolio,10/6/51,White,4682
Pete,P.,Gallego,12/2/61,Hispanic,4683
Vance,,McAllister,1/7/74,White,4684
John,E.,Walsh,11/3/60,White,4200
Michael,G.,Grimm,2/7/70,White,4685
Howard,,Coble,3/18/31,White,4686
Mike,,Johanns,6/18/50,White,4201
Alan,,Nunnelee,10/9/58,White,4687
Aaron,,Schock,5/28/81,White,4688
John,A.,Boehner,11/17/49,White,4689
Chaka,,Fattah,11/21/56,African American,4690
Ed,,Whitfield,5/25/43,White,4691
Mark,,Takai,7/1/67,Asian,4692
Janice,,Hahn,3/30/52,White,4693
Candice,S.,Miller,5/7/54,White,4694
Kelly,,Ayotte,6/27/68,White,4202
Barbara,,Boxer,11/11/40,White,4695
Daniel,Ray,Coats,5/16/43,White,4696
Mark,Steven,Kirk,9/15/59,White,4697
Barbara,A.,Mikulski,7/20/36,White,4698
Harry,M.,Reid,12/2/39,White,4699
David,,Vitter,5/3/61,White,4700
Dan,,Benishek,4/20/52,White,4701
Charles,W.,Boustany,2/21/56,White,4702
Corrine,,Brown,11/11/46,African American,4703
Lois,,Capps,1/10/38,White,4704
John,C.,Carney,5/20/56,White,4705
Ander,,Crenshaw,9/1/44,White,4706
Donna,F.,Edwards,6/28/58,African American,4707
Renee,L.,Ellmers,2/9/64,White,4708
Sam,,Farr,7/4/41,White,4709
Stephen,Lee,Fincher,2/7/73,White,4710
Michael,G.,Fitzpatrick,6/28/63,White,4711
John,,Fleming,7/5/51,White,4712
J.,Randy,Forbes,2/17/52,White,4713
Scott,,Garrett,7/9/59,White,4714
Christopher,P.,Gibson,5/13/64,White,4715
Richard,L.,Hanna,1/25/51,White,4716
Joseph,J.,Heck,10/30/61,White,4717
Rub√©n,E.,Hinojosa,8/20/40,Hispanic,4718
Michael,M.,Honda,6/27/41,Asian,4719
Tim,,Huelskamp,11/11/68,White,4720
Robert,,Hurt,6/16/69,White,4721
Steve,J.,Israel,5/30/58,White,4722
John,Paul,Kline,9/6/47,White,4723
Cynthia,M.,Lummis,9/10/54,White,4724
Jim,A.,McDermott,12/28/36,White,4725
John,L.,Mica,1/27/43,White,4726
Jeff,,Miller,6/27/59,White,4727
Randy,,Neugebauer,12/24/49,White,4728
Richard,B.,Nugent,5/26/51,White,4729
Pedro,R.,Pierluisi,4/26/59,Hispanic,4730
Joseph,R.,Pitts,10/10/39,White,4731
Charles,B.,Rangel,6/11/30,African American,4732
Reid,J.,Ribble,4/5/56,White,4733
Edward,Scott,Rigell,5/28/60,White,4734
Loretta,B.,Sanchez,1/7/60,Hispanic,4735
Marlin,A.,Stutzman,8/31/76,White,4736
Lynn,A.,Westmoreland,4/2/50,White,4737
Matt,,Salmon,1/21/58,White,4738
Alan,,Grayson,3/13/58,White,4739
Patrick,,Murphy,3/30/83,White,4740
David,W.,Jolly,10/31/72,White,4741
Curtis,,Clawson,9/28/59,White,4742
Bob,,Dold,6/23/69,White,4743
Frank,,Guinta,9/26/70,White,4744
Gwen,,Graham,1/31/63,White,4745
Brad,,Ashford,11/10/49,White,4746
Cresent,,Hardy,6/23/57,White,4747
Mike,,Pompeo,12/30/63,White,4748
Xavier,,Becerra,1/26/58,Hispanic,4749
Jefferson,B.,Sessions,12/24/46,White,4203
Tom,,Price,10/8/54,White,4750
Mick,,Mulvaney,7/21/67,White,4751
Ryan,,Zinke,11/1/61,White,4752
Jason,,Chaffetz,3/26/67,White,4753
Tim,,Murphy,9/11/52,White,4754
John,,Conyers,5/16/29,African American,4755
Trent,,Franks,6/19/57,White,4756
Alan,Stuart,Franken,5/21/51,White,4204
Luther,,Strange,3/1/53,White,4205
Patrick,J.,Tiberi,10/21/62,White,4757
Louise,McIntosh,Slaughter,8/14/29,White,4758
Thad,,Cochran,12/7/37,White,4759
Blake,,Farenthold,12/12/61,White,4760
Patrick,,Meehan,10/20/55,White,4761
Jim,,Bridenstine,6/15/75,White,4762
Charles,W.,Dent,5/24/60,White,4763
John,S.,McCain,8/29/36,White,4764
Ron,,DeSantis,9/14/78,White,4765
Evan,,Jenkins,9/12/60,White,4766
Jon,,Kyl,4/25/42,White,4767
Michelle,,Lujan Grisham,10/24/59,White,4768
Bob,,Corker,8/24/52,White,4206
Orrin,G.,Hatch,3/22/34,White,4207
Claire,,McCaskill,7/24/53,White,4208
Bill,,Nelson,9/29/42,White,4769
Lou,,Barletta,1/28/56,White,4770
Joe,Linus,Barton,9/15/49,White,4771
Diane,,Black,1/16/51,White,4772
Madeleine,Z.,Bordallo,5/31/33,White,4773
Robert,Alan,Brady,4/7/45,White,4774
Michael,E.,Capuano,1/9/52,White,4775
Mike,,Coffman,3/19/55,White,4776
Joseph,,Crowley,3/16/62,White,4777
John,Abney,Culberson,8/24/56,White,4778
Jeff,,Denham,7/29/67,White,4779
Joe,,Donnelly,9/28/55,White,4780
John,J.,Duncan,7/21/47,White,4781
Keith,Maurice,Ellison,8/4/63,African American,4782
Jeff,,Flake,12/31/62,White,4783
Rodney,P.,Frelinghuysen,4/29/46,White,4784
Bob,W.,Goodlatte,9/22/52,White,4785
Trey,,Gowdy,8/22/64,White,4786
Gene,Eugene,Green,10/17/47,White,4787
Luis,V.,Guti√©rrez,12/10/53,Hispanic,4788
Gregg,,Harper,6/1/56,White,4789
Jeb,,Hensarling,5/29/57,White,4790
Randy,,Hultgren,3/1/66,White,4791
Darrell,E.,Issa,11/1/53,White,4792
Lynn,,Jenkins,6/10/63,White,4793
Sam,Robert,Johnson,10/11/30,White,4794
Ra√∫l,R.,Labrador,12/8/67,Hispanic,4795
Leonard,,Lance,6/25/52,White,4796
Sander,M.,Levin,9/6/31,White,4797
Frank,A.,LoBiondo,5/12/46,White,4798
Kristi,L.,Noem,11/30/71,White,4799
Erik,,Paulsen,5/14/65,White,4800
Stevan,E.,Pearce,8/24/47,White,4801
Ted,,Poe,9/10/48,White,4802
Jared,,Polis,5/12/75,White,4803
David,G.,Reichert,8/29/50,White,4804
James,B.,Renacci,12/3/58,White,4805
Dana,T.,Rohrabacher,6/21/47,White,4806
Todd,,Rokita,2/9/70,White,4807
Thomas,J.,Rooney,11/21/70,White,4808
Ileana,,Ros-Lehtinen,7/15/52,Hispanic,4809
Peter,J.,Roskam,9/13/61,White,4810
Dennis,A.,Ross,10/18/59,White,4811
Edward,R.,Royce,10/12/51,White,4812
Paul,D.,Ryan,1/29/70,White,4813
Pete,A.,Sessions,3/22/55,White,4814
Bill,,Shuster,1/10/61,White,4815
Lamar,S.,Smith,11/19/47,White,4816
Niki,S.,Tsongas,4/26/46,White,4817
Timothy,James,Walz,4/6/64,White,4818
Kevin,,Yoder,1/8/76,White,4819
Dean,,Heller,5/10/60,White,4820
David,G.,Valadao,4/14/77,White,4821
Elizabeth,H.,Esty,8/25/59,White,4822
Luke,,Messer,2/27/69,White,4823
John,K.,Delaney,4/16/63,White,4824
Richard,M.,Nolan,12/17/43,White,4825
Robert,,Pittenger,8/15/48,White,4826
Heidi,,Heitkamp,10/30/55,White,4209
Keith,J.,Rothfus,4/25/62,White,4827
Beto,,O'Rourke,9/26/72,White,4828
Marshall,,Sanford,5/28/60,White,4829
David,Alan,Brat,7/27/64,White,4830
Steve,,Knight,12/17/66,White,4831
Mimi,,Walters,5/14/62,White,4832
Carlos,,Curbelo,3/1/80,Hispanic,4833
Rod,,Blum,4/26/55,White,4834
David,,Young,5/11/68,White,4835
Bruce,,Poliquin,11/1/53,White,4836
Mike,,Bishop,3/18/67,White,4837
Dave,,Trott,10/16/60,White,4838
Tom,,MacArthur,10/16/60,White,4839
Steve,,Russell,5/25/63,White,4840
Ryan,,Costello,9/7/76,White,4841
Mia,,Love,12/6/75,African American,4842
Barbara,,Comstock,6/30/59,White,4843
Daniel,M.,Donovan,11/6/56,White,4844
Colleen,W.,Hanabusa,5/4/51,Asian,4845
Carol,,Shea-Porter,12/2/52,White,4846
Jason,,Lewis,9/23/55,White,4847
Ruben,,Kihuen,4/25/80,Hispanic,4848
John,,Faso,8/25/52,White,4849
Claudia,,Tenney,2/4/61,White,4850
Scott,,Taylor,6/27/79,White,4851
Thomas,,Garrett,3/27/72,White,4852
Karen,,Handel,4/18/62,White,4853
Brenda,B.,Jones,10/24/59,African American,4854
Tom,,Marino,8/15/52,White,4855
Walter,B.,Jones,2/10/43,White,4856
Sean,P.,Duffy,10/3/71,White,4857
Chris,,Collins,5/20/50,White,4858
Elijah,E.,Cummings,1/18/51,African American,4859
Katie,,Hill,8/25/87,White,4860
John,H.,Isakson,12/28/44,White,4861
Duncan,D.,Hunter,12/7/76,White,4862
Mark,,Meadows,7/28/59,White,4863
John,,Ratcliffe,10/20/65,White,4864
John,R.,Lewis,2/21/40,African American,4865
Tom,,Graves,2/3/70,White,4866
Martha,,McSally,3/22/66,White,4867
Paul,,Cook,3/3/43,White,4868